,Ptms,Actg1,Col6a3,Lrig1,Celf2,Ddr2,Flna,Cald1,Cnn2,Emilin3,Tes,Rgmb,Cdo1,Nrp2,Acta2,Tpm2,Foxp2,Sparcl1,Actg2,Tagln,Crispld2,Psd,Tnc,Myh11,Gfra1,Mylk,Hhip,Ckb,Cnn1,Dmpk,Aldh1a1,Pde5a,Anxa6,Col1a1,Igfbp4,Kctd12,Mfap4,Dlk1,Tmtc2,Ptn,Basp1,Ptprs,Col3a1,Meis2,Auts2,Lrig3,Meis1,Hist1h2ap,Hist1h1b,Hist1h1a,Hist1h2ae,Sh3bgrl,H1fx,Lsp1,Pcdh18,Emilin1,Col1a2,Col6a2,Foxf1,Foxf2,Pgm5,Nkx6-1,Osr1,Gpc3,Gucy1a1,Zfp703,Ltbp4,Cacng7,Bnc2,Col6a1,Fbln1,Iqgap2,Itm2a,Ptk7,Islr,Cd63,Vcan,Robo1,Slitrk6,Col5a1,Dab2,Cdh11,Hic1,Lrp1,H2afy2,Efemp1,Sema3a,Arap1,Tcf21,Dcn,Igf1,Ptch1,Igfbp7,Col6a5,Thbs4,Lox,Pkdcc,Nr2f2,Penk,Snai2
Ptms,0.0,3934.7542,3878.4172,3983.14,4023.4019,3920.4683,3963.6726,3967.2773,3899.7788,3993.4934,3935.68,4040.6382,3940.0344,4001.9866,3943.6418,3940.1938,4027.2278,4051.4727,3991.384,3988.8853,3943.2842,4094.8738,3938.0002,3966.465,4047.378,3993.1626,4066.0098,4127.405,4011.5059,4031.1245,4182.8916,3933.971,3957.6917,3832.9846,3827.742,3941.4954,3849.7056,3810.7195,3982.816,3956.7507,4060.2358,3949.7703,3815.6296,3934.1396,3882.1638,3817.3008,3894.9792,3850.427,3877.8245,3800.731,3924.6978,3988.3252,4049.739,3949.9624,3912.0903,3894.1792,3848.786,3913.0422,3951.9648,4007.7908,3920.0527,3979.687,4020.6726,3876.9834,3853.4697,3888.0303,4051.02,3746.1406,3871.6821,3850.5334,3902.7964,3911.969,3863.802,3915.8303,3936.0034,3787.158,3920.7483,3872.8643,3862.4988,3943.8865,3893.8647,3858.47,3971.7114,3852.0867,3892.895,4016.2585,3914.7415,3893.968,3968.1145,3825.8333,3805.2083,3954.911,3779.2478,4046.1692,3773.4575,3757.7869,3900.6382,3694.1785,3715.8142,3877.098
Actg1,3934.7542,0.0,4008.9927,3950.71,4021.0833,4103.8306,3927.163,3931.977,3979.8347,3957.003,3946.7617,4087.3271,4011.859,4160.5376,3962.682,3950.515,3926.1042,3878.1353,3962.7642,3994.6995,3768.8247,3980.6707,4069.44,4001.9045,3991.8738,3968.63,4175.5273,4035.0122,4030.3384,4088.1558,4215.934,4029.7832,3923.2507,3826.5586,3968.67,3804.1235,3927.6294,3992.2588,4040.597,4076.7773,3818.3318,3972.8467,3826.5615,4007.7742,3932.1885,3816.3523,3967.4148,3949.9902,4060.2705,4031.164,4114.528,4067.407,3984.8904,3966.0083,3957.8652,3965.4004,3880.1714,3857.1572,3972.0288,3809.5247,3908.755,3941.7864,4059.132,3875.8296,3879.8716,4112.5137,3751.5964,4007.2107,4006.4556,3854.0554,3836.078,3931.254,3862.308,3994.615,3950.82,3921.7625,3803.159,3886.819,4056.8457,3916.2979,3710.7913,4005.832,3895.057,3846.041,3939.5393,3900.5361,3782.8357,3837.992,3812.469,3815.8582,3680.5972,3802.592,4070.3813,3959.3018,3683.9158,3806.9072,3925.9604,3809.4502,3761.8376,3910.4624
Col6a3,3878.4172,4008.9927,0.0,4008.154,4237.85,4205.015,4163.2803,4168.5176,4145.3667,4190.839,4262.4634,4271.549,4448.56,4562.5483,4234.503,4274.4395,4434.8413,4106.177,4332.7983,4430.8447,4508.622,4616.001,4759.243,4372.086,4631.7373,4337.716,4225.4043,4556.2783,4379.733,4636.0176,4354.5596,4083.326,4055.0557,3841.4043,3952.9932,4046.8855,3993.148,4070.7234,4217.4224,4142.4253,3943.94,3999.7446,3770.9045,3871.433,4018.4714,4022.1914,4052.9622,3732.8406,3726.6304,3744.9092,3758.772,3947.099,3821.5989,3914.5208,3950.3152,4024.5007,3796.5059,3988.4092,3830.7485,3988.831,3807.0247,4033.4048,4015.9429,3808.1665,3825.7166,3961.4111,3821.3442,3821.1245,3773.4548,3850.4363,3810.6719,4037.6587,3808.132,3731.7666,3836.9756,3603.9143,3772.5564,3647.9355,3482.135,3788.307,3652.6118,3701.4917,3793.5361,3720.107,3587.7085,3800.8164,3653.9092,3662.938,3558.1675,3472.9924,3559.589,3412.7478,3423.0183,3536.337,3541.9543,3466.3718,3535.8433,3437.9783,3016.2097,3184.6306
Lrig1,3983.14,3950.71,4008.154,0.0,4485.3877,3933.658,3951.6362,4133.6533,4073.7915,4274.114,4526.138,4288.4795,3784.571,4275.0757,4165.5903,4019.4658,4721.437,4260.8306,4102.3965,4110.273,4300.6694,4326.3115,4543.5034,4129.5645,5057.162,4188.0854,4543.743,4787.516,4377.714,4819.794,4904.889,3843.677,3972.3926,3798.821,3851.0676,3645.226,3764.6912,3621.1558,3812.993,3706.373,3836.3555,4148.6597,3703.8206,4068.7766,3742.6313,4222.4204,3941.246,4164.3555,4099.9575,4192.093,4023.6938,4006.4097,4043.1038,3821.734,3857.2222,3975.6824,3743.2925,3867.9673,4026.6858,4491.8496,3875.5508,3642.204,3493.5134,3916.1653,3768.1182,3570.2446,4132.5923,4217.1343,3205.5835,3730.501,3692.8315,3876.3728,3796.6667,3805.5115,3793.8647,3614.3386,3730.1653,3913.1301,4011.7932,3710.948,3454.9922,3722.0527,3870.9807,3515.6943,4137.7104,3621.1565,4145.674,3672.4587,3707.768,3691.4363,3214.453,4036.746,3658.8252,3805.0337,3781.4229,3456.8245,3636.025,3467.4668,3617.6174,3542.2908
Celf2,4023.4019,4021.0833,4237.85,4485.3877,0.0,4288.913,4138.2188,4137.1157,4232.8735,4223.1797,4642.965,4446.883,4370.7837,4554.16,4344.621,4282.986,4072.7595,4235.42,4453.6113,4536.03,4599.883,4786.813,4762.9673,4458.404,4516.8315,4374.975,4186.9233,4773.674,4445.096,5084.6084,4522.691,4279.076,3857.0486,3752.1216,3924.4526,4205.6597,4017.356,3966.944,3927.912,4223.3716,3917.7388,4023.8845,3694.28,3772.8855,4345.127,4013.7246,4315.8936,3927.809,3834.359,4091.2427,3803.5857,4025.2288,3683.9192,3854.7756,3984.4712,3798.8782,3706.7234,3890.8633,3964.985,4196.8374,4175.6216,3966.4946,3959.644,3867.4487,3931.7073,3950.645,3660.5159,3851.7275,3989.7249,3728.2415,3702.5027,4069.1428,3646.4312,3677.2397,3966.9648,3547.4795,3800.9429,3655.7368,4181.1704,3816.1938,3633.0247,3673.6055,3808.6765,3664.6384,3674.5051,3520.0347,3472.092,3167.376,3642.2656,3410.4817,3336.601,3430.2437,3707.3533,3740.078,3527.3706,3359.365,3476.9626,3441.2822,2737.4077,3150.3647
Ddr2,3920.4683,4103.8306,4205.015,3933.658,4288.913,0.0,4254.7144,4279.963,4346.6235,4236.3677,4430.8564,4314.2505,4363.833,4658.5195,4289.889,4215.004,4437.1553,4275.759,4304.8906,4512.01,4647.228,4881.4985,4625.5513,4404.498,4242.247,4249.226,4656.5444,4464.413,4607.2173,5034.488,4476.903,4097.751,3977.658,3857.0347,3863.2393,3915.6165,3889.1387,3748.7834,4201.734,4031.933,4063.4644,3927.7427,3798.852,4171.348,4013.8733,3984.7427,3989.6843,3804.8948,3752.272,3822.8923,3823.1099,3962.5625,3914.1692,4000.9146,4000.2466,4008.4395,3815.8025,3979.792,4073.1665,3995.0454,4029.4062,4008.3555,3976.154,3960.5786,3773.9277,3984.4873,3960.6702,3785.33,3885.5251,3848.9065,3697.4714,3936.2314,3808.1763,3736.124,3958.072,3843.469,3856.0571,3810.166,3563.4688,3871.5059,3773.004,3852.1543,3733.4922,3732.4585,3886.1348,3592.4592,3656.4617,3731.903,3639.0872,3509.2812,3642.3604,3720.4148,3542.2812,3587.503,3602.9224,3485.5708,3553.0493,3628.1597,3382.921,3609.1948
Flna,3963.6726,3927.163,4163.2803,3951.6362,4138.2188,4254.7144,0.0,4259.2896,4341.0386,4333.539,4311.144,4294.809,4155.0186,4518.799,4317.89,4360.264,4234.836,4438.068,4425.455,4480.3506,4433.072,4715.3965,4633.532,4485.529,4390.017,4486.878,4601.5376,4620.974,4621.567,4855.302,4828.5264,4011.9575,4010.1394,3812.9143,3780.0984,3790.5312,3761.568,3798.9387,4000.1685,3855.3071,3857.5625,3896.8716,3781.0142,4056.1392,3963.139,4087.0664,3904.9185,3789.972,3794.5854,3738.996,3689.9895,3830.1006,3710.5244,3938.6104,3787.8745,3976.547,3766.726,3870.5632,3983.3108,4086.7,3905.3098,3934.9001,3754.8513,3825.079,3750.275,3841.74,3963.4504,3623.3633,3862.9329,3795.291,3746.3982,3744.947,3666.8037,3657.0105,3883.1106,3699.0488,3650.6812,3758.846,3602.6301,3653.0566,3696.587,3765.967,3461.7493,3622.3862,3638.1025,3475.0354,3880.612,3636.5776,3573.3215,3420.5774,3430.6497,3618.2397,3386.9675,3516.174,3485.5747,3407.8015,3535.8428,3468.2258,3159.0972,3267.7046
Cald1,3967.2773,3931.977,4168.5176,4133.6533,4137.1157,4279.963,4259.2896,0.0,4362.7397,4311.927,4306.261,4290.368,4177.497,4486.906,4397.899,4436.322,4459.8306,4458.594,4537.66,4626.387,4607.5654,4702.507,4690.378,4588.055,4552.275,4584.222,4528.595,4801.825,4830.7627,4916.5767,4865.811,3967.105,4041.9626,3797.5972,3815.9565,3892.4885,3760.2808,3823.615,3958.5535,3935.2925,3846.7217,3880.9597,3732.9805,3987.2915,3850.3044,3821.489,4038.7825,3764.0247,3727.4731,3662.2305,3607.0657,3875.9958,3748.721,3971.1633,3857.719,4129.428,3715.3967,3856.2427,3983.6328,4147.164,3923.5134,3959.8486,3874.883,3728.6418,3745.2944,3784.6562,3772.6582,3562.4688,3882.1113,3859.7463,3639.3262,3826.1602,3672.779,3710.162,3898.0923,3688.2607,3662.5364,3780.1174,3453.0286,3665.5562,3779.0469,3738.2883,3576.6816,3588.772,3607.6797,3488.7134,3799.4797,3465.4978,3625.3284,3388.746,3416.2336,3547.0425,3500.3052,3320.9001,3449.385,3313.803,3409.631,3262.6514,2911.6675,3158.8972
Cnn2,3899.7788,3979.8347,4145.3667,4073.7915,4232.8735,4346.6235,4341.0386,4362.7397,0.0,4364.6855,4449.8555,4354.169,4539.8413,4462.3335,4405.892,4421.193,4528.779,4621.2534,4595.8213,4621.9478,4728.0815,5106.2573,4723.285,4685.933,4483.142,4652.6143,4409.1055,4889.598,4766.7974,5098.4883,5020.5664,4013.3271,4136.322,3789.7017,3729.9578,3753.6829,3783.1184,3875.2554,4096.733,3979.2878,3853.9485,3881.2693,3735.0508,4063.1265,3698.5474,4095.3477,4297.75,3748.0476,3847.0564,3613.9495,3581.4075,3830.9214,3810.2063,4100.9033,3868.8699,4127.1997,3722.3691,3965.597,4182.3604,3973.3528,4125.483,3884.2031,3667.3152,3846.6384,3726.8027,3848.0728,3765.7537,3826.8538,3754.933,3812.4724,3487.1934,3803.2559,3622.308,3797.426,4025.8486,3618.1282,3590.1274,3687.0122,3596.0461,3831.2524,3784.95,3682.962,3469.0435,3549.8142,3584.896,3529.2253,3661.2214,3381.291,3549.1697,3388.0972,3580.751,3577.964,3456.794,3309.29,3317.4932,3257.733,3304.2957,3467.2761,2926.243,3270.7937
Emilin3,3993.4934,3957.003,4190.839,4274.114,4223.1797,4236.3677,4333.539,4311.927,4364.6855,0.0,4300.5156,4509.9663,4185.542,4333.0786,4290.55,4347.934,4363.792,4818.746,4439.9907,4505.2065,4514.9136,4820.6055,4699.129,4557.2876,4508.7603,4667.629,5325.734,4769.7437,4894.669,5399.19,5367.1226,4176.143,4054.1848,3855.3704,3893.3037,3650.1697,3774.092,3794.0098,3816.8303,3838.3586,3642.3743,4131.325,3837.964,4236.6543,4070.1802,4475.2964,4278.7793,3816.5068,3627.673,4001.9797,3569.3677,3913.268,3832.6306,4110.05,4216.594,4020.9229,3851.4268,4082.9976,4163.194,4558.4346,4135.2993,3900.2952,3934.8228,4000.878,3902.6418,3935.1084,4229.235,3844.3071,4197.624,3882.2798,3803.222,3736.1357,3795.4666,3812.642,4039.4778,3883.6128,3962.482,4156.2627,3351.237,3859.4263,3968.3782,4030.7693,3611.9446,3966.4358,3769.4324,3689.025,4294.6245,3737.4573,3656.726,3678.5852,3380.7056,4111.9595,3621.3152,3656.361,3684.3743,3554.606,3873.2212,3721.594,3538.534,3576.8997
Tes,3935.68,3946.7617,4262.4634,4526.138,4642.965,4430.8564,4311.144,4306.261,4449.8555,4300.5156,0.0,4376.9414,4716.5103,4243.993,4620.3325,4542.0454,4871.8843,4182.6074,4696.9473,4823.197,5388.1846,5064.963,4725.5815,4798.071,4675.4336,4877.5083,4951.608,5174.6016,5100.721,4830.8735,4521.56,4003.1636,4045.502,3699.757,4037.5032,4224.7476,3787.6003,4210.5156,3899.091,4189.947,4125.0913,3871.4949,3618.4287,3705.333,3890.9436,3909.2573,4216.5845,3807.6907,3807.8325,3680.035,3784.5752,3931.3901,3702.3708,4040.3862,3685.5967,3632.3398,3597.4414,3657.1428,3829.5442,4035.6965,4128.9546,4157.362,4009.967,3567.9587,3813.9863,3828.8738,3501.3232,3493.8809,3452.8628,3560.025,3346.6597,3927.6284,3685.6208,3217.3894,3756.0227,3338.6846,3477.9495,3374.232,3366.04,3271.806,3385.085,3413.4932,3530.1567,3173.0754,3517.144,2872.1736,3195.25,3300.6912,3261.9639,2909.8774,2955.7878,3053.6226,2760.9507,2674.1787,2850.9263,2669.9326,3115.709,2889.662,2077.3542,2843.9744
Rgmb,4040.6382,4087.3271,4271.549,4288.4795,4446.883,4314.2505,4294.809,4290.368,4354.169,4509.9663,4376.9414,0.0,4631.754,4869.2163,4487.3247,4477.8066,4565.701,4600.5093,4696.353,4782.8384,4674.649,4531.9385,5086.1704,4674.7456,4843.062,4678.032,4726.2188,4951.936,5007.808,5419.243,5148.012,3996.0894,3972.6072,3772.8467,3717.828,3800.7092,3807.4673,3869.5784,4037.6663,4118.401,4041.4944,4067.528,3680.2283,4124.829,4124.159,4370.8057,4066.2515,3840.3875,4025.983,3897.005,3698.3066,3697.588,3844.4795,3846.0247,3843.4736,3943.3188,3650.8357,3725.6892,4076.999,3951.27,4025.482,3703.3994,3764.5764,3828.7861,3670.9385,3770.6658,4034.6692,3607.5623,4083.9216,3774.295,3755.9985,3653.4336,3587.225,3616.2588,4009.723,3671.5117,3489.221,3721.2754,3713.5735,3749.7598,3594.8074,3660.2944,3631.7122,3537.5256,3446.3203,3517.7656,3837.495,3592.873,3580.1135,3239.1033,3061.7307,3499.264,3285.9976,3210.1846,3098.8547,2934.245,3333.2092,3234.5305,2407.8796,3270.7434
Cdo1,3940.0344,4011.859,4448.56,3784.571,4370.7837,4363.833,4155.0186,4177.497,4539.8413,4185.542,4716.5103,4631.754,0.0,5156.1196,4493.119,4472.3394,4684.4136,4343.0063,4574.5996,4670.1094,4608.9414,4497.6562,5169.43,4644.8335,4875.2803,4605.956,4259.954,4937.2397,4739.6294,4473.022,4426.9556,3936.3076,4161.001,3791.8857,4017.4348,4478.562,4042.5322,4412.8115,4449.2793,4292.2104,3877.0884,4049.511,3728.5342,3832.4148,4217.1606,4361.875,3640.8647,3534.9116,4122.8604,3663.9678,3600.817,3847.8367,3735.4673,4047.059,3840.747,4146.778,3828.3792,3993.149,3769.3933,3701.5398,4139.8657,4049.4458,3989.9697,3929.063,4172.0527,4020.5286,3806.4749,4031.3147,4434.934,3947.109,3669.53,4078.712,3807.9456,3654.114,3980.7668,3824.5977,3602.3386,3441.9465,3264.7002,3864.9243,3633.3538,3650.0598,3970.8843,3582.9846,3292.6091,4054.0254,3244.013,3419.3843,3467.5398,3403.6252,3411.734,3308.5579,3250.0125,3464.4407,3227.8325,2937.9287,3060.5735,2884.123,2110.259,2793.5686
Nrp2,4001.9866,4160.5376,4562.5483,4275.0757,4554.16,4658.5195,4518.799,4486.906,4462.3335,4333.0786,4243.993,4869.2163,5156.1196,0.0,4813.834,4795.8237,4581.382,5155.416,4900.5405,5187.7583,4231.9673,5288.754,5466.44,5072.927,5536.8354,5200.1553,4538.1646,5161.127,4972.6865,5133.541,6170.1743,4201.6533,4114.423,3700.8213,3846.746,4361.799,3785.2402,4418.1987,4520.347,4240.473,3706.5308,4221.8994,3644.825,4256.965,4246.537,3655.823,4389.512,3969.5967,3713.627,4039.3726,3462.729,3866.2202,3709.7876,3898.8333,4003.6768,4076.527,3678.4277,3648.6477,3760.8892,4037.8452,4066.6035,3420.493,3639.3525,3635.6975,3801.1797,3802.9507,3764.111,3367.5173,3422.9211,3684.6064,3527.1033,3719.0583,3613.2703,3770.1982,3550.7446,3289.1602,3263.3462,3309.9106,3198.9087,3264.8782,3491.215,3552.735,3751.6782,3303.9844,3235.924,3364.0137,3773.9294,2772.3813,3227.5896,2791.2026,2539.7307,2899.2585,2874.1428,2516.9685,2921.3845,2594.3438,2796.6606,2427.843,1627.5322,2481.199
Acta2,3943.6418,3962.682,4234.503,4165.5903,4344.621,4289.889,4317.89,4397.899,4405.892,4290.55,4620.3325,4487.3247,4493.119,4813.834,0.0,4642.0654,4553.026,4540.566,4888.0566,4942.7505,4753.441,4962.967,4977.799,4931.0146,4788.852,4893.081,4705.645,5087.123,5115.9146,5136.1533,5156.3784,3938.1423,3949.5737,3732.0325,3777.7349,3845.9841,3656.3618,3997.4346,3921.1587,3944.0273,3788.1301,3860.495,3659.109,3778.423,3881.455,3729.656,4025.3823,3661.4187,3591.604,3576.7922,3459.8198,3702.9211,3718.634,3913.0852,3611.9004,3961.0618,3624.2896,3710.8545,3828.9438,3945.973,3863.5889,3803.7263,3635.6667,3639.4863,3665.486,3715.5288,3742.3093,3497.5125,3731.884,3590.2808,3456.8643,3567.344,3471.1736,3484.428,3717.1135,3420.9805,3504.0513,3525.4097,3195.7922,3529.2573,3621.3567,3404.2224,3299.6687,3331.9019,3309.1978,3187.4866,3442.3147,3154.9045,3137.2026,3048.5044,2896.074,2997.5,2961.646,2943.1602,2967.7874,2835.1707,3000.8083,2877.5457,2011.4221,2538.4338
Tpm2,3940.1938,3950.515,4274.4395,4019.4658,4282.986,4215.004,4360.264,4436.322,4421.193,4347.934,4542.0454,4477.8066,4472.3394,4795.8237,4642.0654,0.0,4625.962,4608.9385,4873.867,4927.218,4645.4106,4970.1006,4881.2363,4854.8066,4816.016,4943.027,4712.131,5098.758,5180.8,5108.037,5345.092,4010.1814,4013.2854,3742.0535,3796.6172,3824.003,3600.6523,3890.2898,3882.9856,3874.4243,3875.4563,3886.091,3684.4644,3875.605,3795.7803,3850.4,4009.4387,3740.358,3643.9192,3645.8716,3484.466,3743.7725,3654.4243,3950.7036,3686.0151,3989.0254,3653.367,3704.0156,3877.1733,3989.5068,3916.1082,3963.5962,3702.6797,3663.5679,3737.418,3689.1853,3736.0635,3576.6072,3658.9807,3643.3618,3495.367,3649.749,3539.964,3490.1821,3762.9067,3526.23,3487.4272,3648.457,3187.357,3583.7944,3662.273,3499.441,3361.1848,3396.9702,3352.5293,3249.8472,3524.1,3233.8628,3179.0862,3120.8982,2941.879,3245.6335,3092.0383,3071.816,3078.1462,2916.1555,2957.384,3038.619,2196.8538,2780.2876
Foxp2,4027.2278,3926.1042,4434.8413,4721.437,4072.7595,4437.1553,4234.836,4459.8306,4528.779,4363.792,4871.8843,4565.701,4684.4136,4581.382,4553.026,4625.962,0.0,4703.973,4756.024,4887.038,5195.523,5167.0713,4693.183,4928.968,4797.8047,4868.82,5277.4585,5159.226,5042.5967,5186.1426,5103.142,4037.8945,4190.0107,3784.2825,3901.1006,3945.4333,3842.3396,4053.203,4041.2468,4130.467,3940.1326,4143.5063,3730.4973,4070.3147,3591.7551,4157.318,4060.8875,3834.705,3780.3848,3629.0393,3662.6956,4001.9568,3711.7134,3958.2236,3628.7314,3940.9087,3722.4055,3805.6294,4069.3865,4206.165,3984.0618,4194.5874,3681.7085,3658.6345,3779.3816,4215.842,4112.801,3771.3267,4124.3867,3816.7483,3474.9639,3754.83,3742.8518,3689.306,3968.1868,3884.5,3661.2,3942.4824,3724.0361,3500.9307,3663.4531,3605.5957,3384.7876,3421.9883,3694.5815,3237.5276,3692.3596,3258.489,3419.5732,3329.294,2974.9333,3624.7456,3512.193,3177.3298,3143.0112,3140.317,3031.2917,3487.1045,2797.5752,2812.5264
Sparcl1,4051.4727,3878.1353,4106.177,4260.8306,4235.42,4275.759,4438.068,4458.594,4621.2534,4818.746,4182.6074,4600.5093,4343.0063,5155.416,4540.566,4608.9385,4703.973,0.0,4736.457,4746.1494,4806.342,4926.3906,4690.2456,4768.409,4831.5986,4996.193,5554.413,5421.5996,5061.8257,5240.2964,5969.055,4102.5674,4079.578,3778.4443,3849.8945,3786.684,3714.9934,3852.9011,3751.3865,3877.8418,3882.3948,3910.2722,3767.4414,4253.2056,4072.589,4261.085,4032.2302,3967.4482,3891.2312,3889.4573,3490.0781,3929.0452,3971.2788,4086.2832,3880.447,4066.2793,3757.344,4016.988,4267.745,4082.6628,4079.4543,4017.3882,4013.4285,3877.9224,3931.5737,4169.5312,3828.021,3752.186,3822.3298,3782.5107,3643.552,3998.3008,3803.6653,3584.986,3942.2046,3742.0442,3556.3381,4099.6875,3361.1724,3833.3596,3881.9766,3696.5283,3591.3574,3724.3728,3551.295,3317.815,3758.408,3507.3677,3489.5068,3478.712,3208.5635,3509.4565,3399.1028,3526.6924,3392.408,3076.32,3524.0996,3412.0645,2687.4387,3278.898
Actg2,3991.384,3962.7642,4332.7983,4102.3965,4453.6113,4304.8906,4425.455,4537.66,4595.8213,4439.9907,4696.9473,4696.353,4574.5996,4900.5405,4888.0566,4873.867,4756.024,4736.457,0.0,5237.0537,4902.461,5178.1816,5112.709,5222.0347,5005.735,5205.9473,4951.4287,5505.1294,5467.915,5398.6855,5654.7764,3966.9502,4009.4546,3701.2905,3721.648,3836.2576,3550.4463,3894.9712,3909.968,3971.638,3761.4827,3805.4822,3617.9258,3762.0544,3857.388,3790.8394,4029.146,3630.2966,3592.128,3472.5967,3415.4373,3782.0537,3626.5786,3919.7695,3571.4026,3972.808,3567.0242,3635.73,3836.5447,4074.7778,3791.3594,3825.5898,3626.595,3571.995,3706.6511,3731.5938,3678.6396,3550.8174,3664.524,3554.6006,3389.4856,3506.1792,3410.3665,3376.9128,3732.5994,3417.2175,3435.4863,3467.6804,3095.4963,3438.4907,3539.3833,3340.6736,3225.1375,3221.7046,3184.2104,3145.8586,3305.9302,2946.7156,2912.863,2883.366,2686.564,2969.925,2849.488,2753.6763,2836.9038,2543.6294,2837.206,2685.3137,1666.4092,2376.0557
Tagln,3988.8853,3994.6995,4430.8447,4110.273,4536.03,4512.01,4480.3506,4626.387,4621.9478,4505.2065,4823.197,4782.8384,4670.1094,5187.7583,4942.7505,4927.218,4887.038,4746.1494,5237.0537,0.0,5116.5845,5405.7007,5341.842,5312.1504,5094.508,5273.489,4990.762,5526.25,5573.519,5554.912,5592.949,3996.0728,4030.0298,3716.6135,3703.5537,3865.7607,3591.936,4015.167,3897.128,4006.5051,3780.3328,3844.5144,3602.907,3775.74,3874.442,3826.318,4055.6697,3614.1753,3574.4648,3484.1538,3293.617,3654.6355,3665.7085,3949.9019,3602.0479,4019.8608,3560.611,3675.6885,3807.439,3956.4382,3909.2085,3890.7822,3560.4756,3560.818,3547.5806,3634.4321,3790.777,3316.091,3620.1292,3480.9236,3345.8625,3534.6072,3411.5684,3377.4521,3505.7234,3333.135,3344.9988,3395.2605,3031.3608,3375.94,3522.8489,3301.9492,3122.2004,3136.4712,3136.033,3120.0933,3281.1863,2908.3486,2846.0437,2766.2822,2544.7522,2835.8801,2634.8142,2551.6743,2683.397,2362.937,2656.8438,2677.8086,1539.3479,2197.2642
Crispld2,3943.2842,3768.8247,4508.622,4300.6694,4599.883,4647.228,4433.072,4607.5654,4728.0815,4514.9136,5388.1846,4674.649,4608.9414,4231.9673,4753.441,4645.4106,5195.523,4806.342,4902.461,5116.5845,0.0,5781.7573,5723.0054,5117.4116,4890.402,5109.539,4689.437,5464.087,5065.761,5721.0586,5223.485,4009.0918,3999.779,3806.0652,3595.4775,3634.4358,3599.827,3969.693,4124.8755,4044.0786,4015.9744,3909.5154,3657.0703,4004.7512,3625.7993,4345.3286,4222.571,3406.2427,4008.5225,3365.1714,3257.696,3833.432,3936.6755,3778.5913,3708.7544,3602.3372,3714.7402,3869.996,3881.244,4123.301,4350.2993,4457.995,3865.9724,3669.3115,3383.493,3604.2012,3982.8699,3388.9097,3707.106,3670.8252,3320.4805,3500.9524,3319.6238,3430.5288,3504.1191,3544.172,3093.8743,3426.5781,2925.828,3817.942,3731.7942,3568.3232,3548.1958,3376.4136,3458.9292,2768.5334,3213.1895,3096.0688,3317.3206,2927.6611,3160.541,2897.8037,3047.763,2531.4802,3025.8657,2841.6248,3326.9487,2767.1604,2204.5894,2323.7231
Psd,4094.8738,3980.6707,4616.001,4326.3115,4786.813,4881.4985,4715.3965,4702.507,5106.2573,4820.6055,5064.963,4531.9385,4497.6562,5288.754,4962.967,4970.1006,5167.0713,4926.3906,5178.1816,5405.7007,5781.7573,0.0,5864.7324,5414.643,5515.66,5424.9214,4999.6484,6078.2227,5658.8022,5769.2983,5604.9336,4193.621,4064.8186,3791.97,3832.2485,3629.958,3640.1304,3980.3115,3904.1172,4242.54,3749.822,4016.364,3624.3691,3998.6567,4066.3145,4349.6455,4466.115,3561.898,3563.7754,3668.377,3337.287,3892.3662,3842.9966,4080.1016,3530.3704,4124.032,3590.8833,3999.9714,3883.4375,4282.666,3988.8284,4196.5938,3569.1045,3766.2046,3831.2114,3484.3555,3959.2964,3602.5898,3789.956,3721.394,3244.4773,3938.4114,3426.1587,3273.4248,3636.1545,3253.2847,3413.4473,3456.4539,2941.2588,3414.7085,3713.5098,3530.809,3280.962,3396.789,3337.1838,2991.173,3382.449,3292.444,2831.183,2749.946,2692.5488,2927.4744,2488.443,2349.0789,2723.8943,2430.9692,2448.091,2627.7217,1593.2332,1980.4332
Tnc,3938.0002,4069.44,4759.243,4543.5034,4762.9673,4625.5513,4633.532,4690.378,4723.285,4699.129,4725.5815,5086.1704,5169.43,5466.44,4977.799,4881.2363,4693.183,4690.2456,5112.709,5341.842,5723.0054,5864.7324,0.0,5307.2764,5689.8354,5225.403,5382.8135,5470.841,5398.532,5783.836,5159.972,4044.201,3974.2915,3768.2322,3764.6792,4047.9397,3654.2217,4256.108,4110.4033,4334.5425,3755.6958,4054.3718,3585.969,3785.8071,4144.333,4033.6707,4085.441,3476.606,3432.1929,3457.201,3240.0217,3835.13,3714.0903,4299.537,3502.705,4411.4385,3601.3928,3959.5398,4014.5168,3855.2024,3997.3027,4020.8284,3553.246,3612.4062,3505.2075,3626.9832,3752.7996,3208.4495,3481.7825,3956.729,3379.543,3553.496,3316.4731,3337.213,3484.9263,3264.8337,3345.0261,3108.3623,3148.535,3656.0242,3155.302,3534.503,3060.4927,3227.4482,3049.069,3063.6401,3337.5688,2825.1436,2775.0125,2551.2324,2636.0107,2646.6538,2619.982,2337.3494,2570.7788,2446.4668,2762.0288,2259.585,1491.1302,2160.8938
Myh11,3966.465,4001.9045,4372.086,4129.5645,4458.404,4404.498,4485.529,4588.055,4685.933,4557.2876,4798.071,4674.7456,4644.8335,5072.927,4931.0146,4854.8066,4928.968,4768.409,5222.0347,5312.1504,5117.4116,5414.643,5307.2764,0.0,5250.3496,5292.4585,5005.8184,5581.7827,5578.3657,5658.665,5642.6196,3910.0425,4019.8457,3695.8652,3667.3804,3859.3916,3454.5825,3993.108,3975.283,3968.9944,3790.1626,3892.7534,3596.0256,3721.1228,3875.0571,3757.861,4180.078,3596.4402,3540.332,3370.9834,3163.3384,3616.9143,3618.0098,3875.5752,3560.413,3917.1614,3529.132,3666.8098,3788.9438,3982.7231,3875.8413,3876.2808,3564.216,3523.7278,3504.2761,3728.862,3779.8535,3374.2188,3640.274,3507.386,3396.9465,3560.718,3310.2468,3293.1594,3696.5215,3339.2742,3326.8047,3365.821,3032.8733,3386.566,3591.7217,3248.0159,3113.2852,3162.4033,3074.9312,3040.656,3219.3237,2905.2449,2886.6826,2732.7573,2615.473,2833.0793,2613.603,2630.8381,2652.0654,2410.6875,2653.3342,2625.0603,1549.419,2037.5839
Gfra1,4047.378,3991.8738,4631.7373,5057.162,4516.8315,4242.247,4390.017,4552.275,4483.142,4508.7603,4675.4336,4843.062,4875.2803,5536.8354,4788.852,4816.016,4797.8047,4831.5986,5005.735,5094.508,4890.402,5515.66,5689.8354,5250.3496,0.0,5353.6763,5335.1953,5914.071,5525.982,5880.689,5220.184,4109.9424,4064.5269,3557.8867,3809.0352,4047.5886,3631.1082,3772.6248,3836.175,4082.0264,3587.6726,3901.516,3443.0542,3895.238,4215.117,3493.2231,4231.2017,3878.4229,3691.1829,3824.611,3629.5613,3727.2898,3772.225,4104.034,3660.0845,4210.5947,3393.6064,3611.01,3758.1445,3601.6733,3775.415,3728.6265,3289.5444,3456.0002,3400.677,3975.6145,3402.472,3511.5222,3123.9526,3637.3813,3626.543,3633.8467,3221.8647,3260.5261,3709.358,3363.8667,3343.145,3007.732,3479.21,3325.373,3322.468,3286.2214,3211.4844,3053.1306,3511.7795,3111.2031,3210.4006,2567.333,2743.5088,2304.7595,1855.9987,2473.5786,2162.4998,2308.5876,2242.2856,2049.4436,2409.5261,2595.389,1192.434,1846.2521
Mylk,3993.1626,3968.63,4337.716,4188.0854,4374.975,4249.226,4486.878,4584.222,4652.6143,4667.629,4877.5083,4678.032,4605.956,5200.1553,4893.081,4943.027,4868.82,4996.193,5205.9473,5273.489,5109.539,5424.9214,5225.403,5292.4585,5353.6763,0.0,5241.5493,5691.419,5587.3965,5735.519,5844.8394,3952.0864,4059.7234,3722.7832,3746.6445,3757.0999,3602.1611,3915.4333,3844.5217,3958.7605,3874.1377,3919.3584,3628.531,3902.2441,3852.506,3873.5867,3983.838,3614.0603,3580.6443,3538.9006,3201.8774,3767.3416,3696.6895,3980.265,3518.336,4035.2078,3597.3958,3756.8533,3807.2932,4290.7524,4029.6602,4021.7998,3637.6155,3678.3943,3532.3386,3737.3044,3852.584,3460.1257,3898.9238,3560.255,3396.6016,3563.1638,3437.3726,3426.3857,3792.5874,3460.0068,3519.132,3605.296,2983.1704,3471.952,3581.277,3351.8926,3230.9294,3250.1052,3232.0757,3048.294,3392.1577,3061.2778,2966.892,2882.2747,2659.0808,3006.6196,2829.4797,2555.4368,2777.3071,2598.5957,2748.9597,2649.4326,1751.7095,2312.653
Hhip,4066.0098,4175.5273,4225.4043,4543.743,4186.9233,4656.5444,4601.5376,4528.595,4409.1055,5325.734,4951.608,4726.2188,4259.954,4538.1646,4705.645,4712.131,5277.4585,5554.413,4951.4287,4990.762,4689.437,4999.6484,5382.8135,5005.8184,5335.1953,5241.5493,0.0,5439.0,5647.9014,6231.489,6273.9717,3850.7195,4106.3037,3752.392,3492.8005,3823.3674,3262.7869,3718.962,3723.684,3825.6572,4094.5957,3966.5886,3782.9192,4043.0864,4337.979,3661.1768,4084.641,3549.7944,4096.074,3646.7773,3636.1868,3752.2793,3830.523,4177.254,3855.3206,3780.5322,3710.5488,3624.5737,4410.3223,4603.61,4357.7764,3646.5776,3642.2876,3691.219,3810.0427,3404.0059,4349.4277,3301.2573,3613.7097,3942.1064,3365.699,3837.8384,3782.0232,3853.4849,3867.5005,3652.0044,3659.7622,4237.91,3234.7944,3970.031,3589.4673,3849.98,3115.9453,3709.6484,3636.4705,2910.8098,3952.6475,3581.9844,3363.0923,3479.527,2870.9163,3943.244,3864.5603,3261.148,3498.5068,3011.785,3258.2107,3120.6877,2788.8296,3295.044
Ckb,4127.405,4035.0122,4556.2783,4787.516,4773.674,4464.413,4620.974,4801.825,4889.598,4769.7437,5174.6016,4951.936,4937.2397,5161.127,5087.123,5098.758,5159.226,5421.5996,5505.1294,5526.25,5464.087,6078.2227,5470.841,5581.7827,5914.071,5691.419,5439.0,0.0,6074.9385,6083.788,6347.0547,4085.4346,4056.267,3644.8706,3780.9768,3730.228,3611.0703,3755.584,4211.7466,4029.6216,3939.1655,3991.4216,3561.8853,3685.3994,4112.38,3889.1846,4039.332,3713.8364,3965.3523,3530.964,3255.055,3835.0793,3567.6125,4050.5232,3538.982,4022.1858,3495.1116,3634.2544,3969.3562,4585.2354,3891.149,4068.0405,3562.0837,3666.1987,3691.0205,4001.8352,3650.4485,3819.9043,3520.8882,3342.1443,3416.2817,3742.8745,3280.184,3376.8457,3832.3872,3426.4937,3233.443,3621.289,3276.4863,3337.4033,3585.6296,3382.597,3093.748,3049.7595,3217.7744,2705.8289,3203.5234,2615.1077,2607.599,2658.2197,2282.689,2730.6252,2669.299,2281.4067,2450.8274,2295.6482,2605.9165,2413.6523,1183.612,1880.026
Cnn1,4011.5059,4030.3384,4379.733,4377.714,4445.096,4607.2173,4621.567,4830.7627,4766.7974,4894.669,5100.721,5007.808,4739.6294,4972.6865,5115.9146,5180.8,5042.5967,5061.8257,5467.915,5573.519,5065.761,5658.8022,5398.532,5578.3657,5525.982,5587.3965,5647.9014,6074.9385,0.0,6466.29,6446.9404,3929.8105,4211.8774,3691.5713,3696.5051,3699.0715,3442.0544,3881.0537,3981.149,4143.709,3930.4414,4043.425,3587.8608,3938.9019,3773.9773,3911.7441,4174.161,3624.9111,3625.6797,3367.6956,3096.4934,3554.6833,3675.7747,3957.947,3349.9363,4092.2542,3523.7112,3656.0378,3954.1045,4372.7217,3974.394,4122.947,3895.3716,3566.5522,3639.3308,3799.498,3845.5906,3158.0767,3845.2993,3519.255,3251.735,3428.2,3405.458,3175.4202,3785.337,3371.708,3445.411,3474.2002,2783.359,3267.2585,3470.014,3386.0322,3080.1953,3195.074,3188.9727,2810.8755,3316.279,2905.5315,2674.6873,2689.9253,2398.752,2942.6953,2547.183,2844.6768,2560.4807,2381.6973,2541.6992,2506.995,1351.325,2095.7563
Dmpk,4031.1245,4088.1558,4636.0176,4819.794,5084.6084,5034.488,4855.302,4916.5767,5098.4883,5399.19,4830.8735,5419.243,4473.022,5133.541,5136.1533,5108.037,5186.1426,5240.2964,5398.6855,5554.912,5721.0586,5769.2983,5783.836,5658.665,5880.689,5735.519,6231.489,6083.788,6466.29,0.0,7558.401,4020.5276,4347.4453,3685.3125,3634.2,3293.572,3474.8018,3828.9,3792.3418,3735.734,3405.5051,3922.442,3603.7283,4084.7646,3925.9102,4227.6543,4296.3613,3413.8613,3295.1401,3289.6504,3133.6729,4081.2124,3875.9185,4020.1824,3558.6675,4480.829,3540.7014,3705.3538,3994.12,4614.954,4339.8965,4278.4736,3796.5244,3730.4897,3579.1394,3816.123,3984.5034,3511.5425,3642.6262,3586.7502,3407.0369,3618.1655,3332.7544,3377.304,4098.6978,3560.567,3333.3076,3572.1484,2814.3545,3629.2834,3726.8096,3349.2036,2924.2744,3180.632,3476.758,2689.1306,3416.5283,2826.5374,2885.7708,2778.5798,2078.2056,3237.8955,2626.1511,2920.9744,2656.5269,2644.0137,3080.5776,2663.243,1509.9421,2245.1655
Aldh1a1,4182.8916,4215.934,4354.5596,4904.889,4522.691,4476.903,4828.5264,4865.811,5020.5664,5367.1226,4521.56,5148.012,4426.9556,6170.1743,5156.3784,5345.092,5103.142,5969.055,5654.7764,5592.949,5223.485,5604.9336,5159.972,5642.6196,5220.184,5844.8394,6273.9717,6347.0547,6446.9404,7558.401,0.0,4311.5024,4438.234,3646.7524,3764.7688,3299.4077,3527.0378,3864.9988,3824.1252,3583.73,3572.2056,4177.2363,3670.435,4406.1216,3479.3938,3975.7622,4128.276,3803.647,3913.6235,3566.7246,3375.587,4162.5347,3816.0923,4046.2632,3622.9902,3699.0269,3554.2974,3632.6956,4389.8267,5286.0273,4327.9688,3477.749,3334.4656,3742.9324,4011.8887,3679.8765,4502.839,3081.3008,3529.2283,3300.9045,3439.9167,3429.06,3287.5928,3424.9526,3791.3135,3522.0154,3565.7788,3821.4143,2832.1973,3152.5615,3418.2222,3593.2388,3083.8413,3377.55,3169.1494,2916.3113,4205.295,2735.0837,2844.3977,2947.6116,2155.0247,3678.7913,2871.583,3092.8047,3279.2568,2449.8064,2872.527,2485.2656,1963.6315,2984.7937
Pde5a,3933.971,4029.7832,4083.326,3843.677,4279.076,4097.751,4011.9575,3967.105,4013.3271,4176.143,4003.1636,3996.0894,3936.3076,4201.6533,3938.1423,4010.1814,4037.8945,4102.5674,3966.9502,3996.0728,4009.0918,4193.621,4044.201,3910.0425,4109.9424,3952.0864,3850.7195,4085.4346,3929.8105,4020.5276,4311.5024,0.0,4189.8203,3890.4702,3962.7432,3978.4255,4237.7197,3842.3154,4260.641,3955.8782,4124.798,3997.04,3908.795,4186.8525,4092.85,4196.8867,4077.8188,3925.5051,4060.985,3871.2405,3820.8752,4221.464,4002.865,4052.9082,4086.4768,4068.0442,3904.5767,3947.0054,4015.0608,3983.918,4130.6553,3989.9417,3915.5693,4006.8218,4015.873,4001.9148,4031.1304,4194.561,4054.1143,4159.8486,4094.5627,4130.594,4028.8901,4038.7063,4130.3506,3958.8496,3923.6174,3996.6948,3998.6204,4079.1309,4077.266,4166.6274,3956.676,3900.646,4150.66,4057.3086,4209.573,4000.1074,4158.2456,4045.4116,4117.5664,4044.1404,4141.516,4207.9995,4093.674,3987.253,4222.6074,4393.938,4168.7007,4006.2202
Anxa6,3957.6917,3923.2507,4055.0557,3972.3926,3857.0486,3977.658,4010.1394,4041.9626,4136.322,4054.1848,4045.502,3972.6072,4161.001,4114.423,3949.5737,4013.2854,4190.0107,4079.578,4009.4546,4030.0298,3999.779,4064.8186,3974.2915,4019.8457,4064.5269,4059.7234,4106.3037,4056.267,4211.8774,4347.4453,4438.234,4189.8203,0.0,3862.6187,3899.099,3898.4421,3907.6155,3773.8083,3996.4746,3944.4229,4071.1426,3846.7202,3848.322,4066.9675,3899.8108,4039.4243,3755.8333,3881.893,3811.4902,3970.3164,3829.315,4008.8516,3891.6816,4019.0112,4057.6611,3847.211,3873.4495,3863.8916,4015.8447,4223.05,4103.035,4121.5664,3961.6655,3966.0747,4029.0508,3955.1616,3904.8105,4030.2263,3947.9146,4023.8772,3965.8755,4013.8008,3873.7334,3875.403,4030.2424,3992.7424,3990.1157,3935.6255,3917.713,3967.9731,4042.0774,3965.2627,3983.5317,3863.0942,4044.7988,3976.561,3949.0437,3906.5996,4094.0293,3878.7979,3835.3025,3928.4731,3869.696,3969.5547,3886.6602,4057.309,3914.5908,3951.9263,3848.1565,3888.8533
Col1a1,3832.9846,3826.5586,3841.4043,3798.821,3752.1216,3857.0347,3812.9143,3797.5972,3789.7017,3855.3704,3699.757,3772.8467,3791.8857,3700.8213,3732.0325,3742.0535,3784.2825,3778.4443,3701.2905,3716.6135,3806.0652,3791.97,3768.2322,3695.8652,3557.8867,3722.7832,3752.392,3644.8706,3691.5713,3685.3125,3646.7524,3890.4702,3862.6187,0.0,3882.7373,3869.3584,3970.139,3954.6104,3899.766,3898.1025,3856.8923,3852.3171,3925.454,3947.5793,3796.117,3920.8838,3830.5635,3861.018,3864.198,3846.405,3922.2224,3907.0146,3815.9736,3901.9011,3959.8096,3912.0786,3956.4705,3983.663,3912.6597,3862.5996,3922.4727,3974.7173,4032.3513,3968.4329,3921.091,3910.649,3980.8125,3918.8176,3931.411,3998.6406,3907.6501,3958.0542,3980.8267,3973.2444,3967.1162,3985.9695,3982.8916,3960.682,3907.4014,4004.1082,4025.7131,4014.2903,3996.2485,4020.085,3978.3025,4000.7234,4013.9136,4051.6448,4073.595,4106.39,4129.6816,4038.2812,4109.3906,4135.2104,4098.1665,4176.13,4092.0813,4060.0085,4241.2227,4148.6396
Igfbp4,3827.742,3968.67,3952.9932,3851.0676,3924.4526,3863.2393,3780.0984,3815.9565,3729.9578,3893.3037,4037.5032,3717.828,4017.4348,3846.746,3777.7349,3796.6172,3901.1006,3849.8945,3721.648,3703.5537,3595.4775,3832.2485,3764.6792,3667.3804,3809.0352,3746.6445,3492.8005,3780.9768,3696.5051,3634.2,3764.7688,3962.7432,3899.099,3882.7373,0.0,4039.0615,3955.894,4187.712,4004.6985,3985.1196,4022.5642,3976.3364,3862.8284,3837.7756,4058.2725,3694.6897,3953.4478,3942.436,3875.555,3911.8064,3968.0615,3945.048,4030.4607,4054.2046,3986.065,4142.1655,3920.5242,3849.417,3926.1436,4034.3271,3901.117,3969.5146,3992.2192,4002.608,4079.3313,3966.9592,3915.887,3948.576,3902.6943,3954.9504,4071.6267,4105.588,4076.2769,4070.9497,3925.9292,4023.138,4025.1113,3888.8076,3829.2324,4095.3674,3812.5576,3968.511,4171.5093,4063.4817,3916.4417,4212.057,3860.7837,4084.3203,4018.711,3982.7817,3975.8127,3951.235,4095.9543,4084.3782,4133.2417,4162.3755,4038.7017,4184.595,4037.8965,4074.4626
Kctd12,3941.4954,3804.1235,4046.8855,3645.226,4205.6597,3915.6165,3790.5312,3892.4885,3753.6829,3650.1697,4224.7476,3800.7092,4478.562,4361.799,3845.9841,3824.003,3945.4333,3786.684,3836.2576,3865.7607,3634.4358,3629.958,4047.9397,3859.3916,4047.5886,3757.0999,3823.3674,3730.228,3699.0715,3293.572,3299.4077,3978.4255,3898.4421,3869.3584,4039.0615,0.0,4150.608,4272.828,4176.8384,4295.7554,4182.123,3810.8125,3885.9624,4032.3452,4187.266,3780.7727,4212.325,4019.7073,4085.194,4035.6694,3845.9404,4100.713,3898.1265,3944.788,4131.448,4058.8726,3878.544,3939.7493,3687.85,3665.811,3854.2878,3828.1506,3800.9644,3943.2217,4258.166,4002.2876,3641.4812,3998.6262,3928.2488,3923.894,4060.5874,4089.8865,4068.7,3970.9248,4072.4924,3956.9749,4063.9932,3971.6062,3983.2966,3964.1765,4263.0405,3972.0293,4302.1577,3965.0027,4150.041,4455.3975,3612.588,3907.3452,4021.2468,3966.6594,4046.3757,3780.579,4154.844,3787.6953,4048.5193,3790.9548,3758.572,4034.2854,3472.5051,3976.1768
Mfap4,3849.7056,3927.6294,3993.148,3764.6912,4017.356,3889.1387,3761.568,3760.2808,3783.1184,3774.092,3787.6003,3807.4673,4042.5322,3785.2402,3656.3618,3600.6523,3842.3396,3714.9934,3550.4463,3591.936,3599.827,3640.1304,3654.2217,3454.5825,3631.1082,3602.1611,3262.7869,3611.0703,3442.0544,3474.8018,3527.0378,4237.7197,3907.6155,3970.139,3955.894,4150.608,0.0,4460.93,4294.6406,3949.5225,3833.3542,4076.0696,4022.8618,4249.1255,4081.9204,3828.748,3984.921,3940.258,4004.6807,3852.6433,4417.658,4278.1597,3905.1885,4057.332,4315.0986,4298.4604,4096.4146,4303.7754,3997.4614,4308.4775,4276.4155,4236.3857,4185.142,4163.5327,4150.8286,4140.5244,3940.5803,3928.311,4429.0728,4183.2085,4102.104,4161.166,4201.968,4292.8745,4346.975,4323.012,4005.065,4146.386,4163.8193,4290.9473,4286.8696,4222.089,4238.2544,4211.894,4207.809,4217.174,4203.353,4540.4126,4483.5737,4261.439,4327.8164,4284.849,4453.371,4274.9775,4586.604,4684.912,4420.332,4439.4863,4429.609,4549.799
Dlk1,3810.7195,3992.2588,4070.7234,3621.1558,3966.944,3748.7834,3798.9387,3823.615,3875.2554,3794.0098,4210.5156,3869.5784,4412.8115,4418.1987,3997.4346,3890.2898,4053.203,3852.9011,3894.9712,4015.167,3969.693,3980.3115,4256.108,3993.108,3772.6248,3915.4333,3718.962,3755.584,3881.0537,3828.9,3864.9988,3842.3154,3773.8083,3954.6104,4187.712,4272.828,4460.93,0.0,4375.1743,4395.484,3897.4924,4004.8267,3919.7861,3976.643,4091.501,3842.261,3897.2808,3775.283,3660.1433,3967.1062,3789.2,3882.1099,3998.7544,4003.184,4112.747,3957.973,4011.5894,4108.8423,3709.6206,3748.932,4085.9995,3785.5383,4158.76,3937.8887,4205.6772,3905.2917,4197.4385,3604.5918,3984.198,4007.7837,4169.6934,4153.5234,4144.071,4025.2964,4092.5447,3827.9412,3947.866,3726.7383,3755.7393,3991.9526,4041.9497,3928.2212,4099.567,3791.5955,3791.5247,3996.116,3574.3845,3828.2632,3754.8394,3975.5508,3791.4304,3400.8079,3912.7642,3918.331,3619.602,3986.123,3495.8892,3661.9124,3170.9963,3380.4836
Tmtc2,3982.816,4040.597,4217.4224,3812.993,3927.912,4201.734,4000.1685,3958.5535,4096.733,3816.8303,3899.091,4037.6663,4449.2793,4520.347,3921.1587,3882.9856,4041.2468,3751.3865,3909.968,3897.128,4124.8755,3904.1172,4110.4033,3975.283,3836.175,3844.5217,3723.684,4211.7466,3981.149,3792.3418,3824.1252,4260.641,3996.4746,3899.766,4004.6985,4176.8384,4294.6406,4375.1743,0.0,4341.705,4334.5024,4055.0461,3862.3223,4337.67,4177.5464,4026.5352,4203.829,3982.6902,4025.75,3855.256,3813.0752,3926.3074,3844.9143,3896.9482,4127.051,4075.1646,3900.9568,3956.5127,3866.3625,3572.1873,4348.1914,3930.4321,4173.294,3954.3188,3995.4019,4001.375,3914.0806,4195.791,4061.0103,4006.1135,3953.335,4320.369,4016.5222,4127.89,4280.9834,4252.1133,3869.7786,3839.8782,3933.9045,4133.6953,3956.0173,3993.2275,4179.9824,3957.846,3962.6638,4072.2766,4007.0435,4334.426,3867.1997,3777.582,4613.0635,3696.4856,3810.208,3842.8184,3919.2292,3922.268,3568.8083,3713.0432,3556.6958,3851.8433
Ptn,3956.7507,4076.7773,4142.4253,3706.373,4223.3716,4031.933,3855.3071,3935.2925,3979.2878,3838.3586,4189.947,4118.401,4292.2104,4240.473,3944.0273,3874.4243,4130.467,3877.8418,3971.638,4006.5051,4044.0786,4242.54,4334.5425,3968.9944,4082.0264,3958.7605,3825.6572,4029.6216,4143.709,3735.734,3583.73,3955.8782,3944.4229,3898.1025,3985.1196,4295.7554,3949.5225,4395.484,4341.705,0.0,4059.7131,3945.4734,3882.376,3979.8257,4100.107,3681.973,4121.4956,3913.175,4136.2754,3985.5254,3993.5435,4085.2751,3878.8867,3976.0703,3992.8464,4065.8809,3919.4197,3981.6982,4003.3574,3632.5454,4140.297,4026.0073,4125.597,3931.7656,4072.3687,4181.444,3741.7637,4171.0825,4004.0198,4055.1414,4080.1624,4229.13,4078.3677,3958.5852,4199.4194,3944.996,4014.3083,3905.0251,4006.173,4123.8735,3901.5483,3977.767,3977.0454,4006.6194,3965.4148,4236.605,3636.0251,4142.1616,3905.5713,3917.838,3915.5715,3567.8647,3801.0876,3863.2012,3610.551,3839.7695,3921.8398,3735.0273,3469.6826,3625.6663
Basp1,4060.2358,3818.3318,3943.94,3836.3555,3917.7388,4063.4644,3857.5625,3846.7217,3853.9485,3642.3743,4125.0913,4041.4944,3877.0884,3706.5308,3788.1301,3875.4563,3940.1326,3882.3948,3761.4827,3780.3328,4015.9744,3749.822,3755.6958,3790.1626,3587.6726,3874.1377,4094.5957,3939.1655,3930.4414,3405.5051,3572.2056,4124.798,4071.1426,3856.8923,4022.5642,4182.123,3833.3542,3897.4924,4334.5024,4059.7131,0.0,4182.7803,3847.0999,3825.8787,3938.5288,4140.8174,3560.956,4067.6692,4011.6304,4066.501,4104.2334,4065.903,3926.6719,3777.2085,3981.1018,3826.8801,3873.1338,3961.789,3872.5298,3869.315,3833.0598,3900.8567,4136.418,3979.15,4167.72,3840.1309,3861.8499,4357.718,4327.483,3880.2524,4160.4263,4149.605,3989.495,3880.6047,4160.215,3973.3972,3822.7656,4237.418,4321.37,4180.1704,4280.9116,4042.009,4250.007,3954.3538,4046.2424,4030.7952,3984.4438,4074.4514,4113.664,3941.7979,4073.3154,4005.1418,4509.461,4144.2305,4108.494,4239.6875,3955.787,4118.7793,4106.704,4218.236
Ptprs,3949.7703,3972.8467,3999.7446,4148.6597,4023.8845,3927.7427,3896.8716,3880.9597,3881.2693,4131.325,3871.4949,4067.528,4049.511,4221.8994,3860.495,3886.091,4143.5063,3910.2722,3805.4822,3844.5144,3909.5154,4016.364,4054.3718,3892.7534,3901.516,3919.3584,3966.5886,3991.4216,4043.425,3922.442,4177.2363,3997.04,3846.7202,3852.3171,3976.3364,3810.8125,4076.0696,4004.8267,4055.0461,3945.4734,4182.7803,0.0,3857.481,4099.499,4025.497,4167.84,4024.204,3865.796,3934.0208,3908.404,4054.9287,3974.8472,4127.0005,4055.4844,4104.202,3909.2488,3884.627,3970.3303,3954.6084,4231.5083,4069.7407,3940.7383,3989.6592,4016.4912,4067.1255,3973.247,4054.3271,4234.62,3930.2732,4061.5366,4023.3792,3984.9192,3999.3635,4090.1306,4231.6294,4088.6606,4053.123,4051.0154,3967.6628,4021.0532,4049.9229,3975.8271,3958.9783,3975.5195,3887.4194,4040.0908,4125.532,4043.6,4164.9307,3977.5818,3898.93,4048.3616,4133.3843,4169.457,4050.3528,3915.9426,3994.293,4198.944,4056.011,3913.2698
Col3a1,3815.6296,3826.5615,3770.9045,3703.8206,3694.28,3798.852,3781.0142,3732.9805,3735.0508,3837.964,3618.4287,3680.2283,3728.5342,3644.825,3659.109,3684.4644,3730.4973,3767.4414,3617.9258,3602.907,3657.0703,3624.3691,3585.969,3596.0256,3443.0542,3628.531,3782.9192,3561.8853,3587.8608,3603.7283,3670.435,3908.795,3848.322,3925.454,3862.8284,3885.9624,4022.8618,3919.7861,3862.3223,3882.376,3847.0999,3857.481,0.0,3976.9421,3790.8801,3912.5078,3784.737,3891.6414,3885.629,3885.3755,3935.6934,3912.7148,3846.9797,3875.0369,4007.8079,3893.726,3989.0696,3990.7256,3967.698,3938.9482,3937.6748,3955.42,4020.4146,3992.083,3997.7168,3951.991,3995.8186,3956.7632,3945.4607,4023.9653,3959.7554,4005.5305,4057.116,4023.3806,4025.691,4057.529,4004.3472,4032.8093,3969.365,4072.6416,4073.0784,4081.3684,4087.5413,4088.4219,4026.8943,4075.8953,4114.3853,4134.118,4167.5957,4245.7563,4199.47,4167.6963,4231.433,4277.796,4234.704,4304.213,4208.8945,4176.9087,4415.0513,4317.8184
Meis2,3934.1396,4007.7742,3871.433,4068.7766,3772.8855,4171.348,4056.1392,3987.2915,4063.1265,4236.6543,3705.333,4124.829,3832.4148,4256.965,3778.423,3875.605,4070.3147,4253.2056,3762.0544,3775.74,4004.7512,3998.6567,3785.8071,3721.1228,3895.238,3902.2441,4043.0864,3685.3994,3938.9019,4084.7646,4406.1216,4186.8525,4066.9675,3947.5793,3837.7756,4032.3452,4249.1255,3976.643,4337.67,3979.8257,3825.8787,4099.499,3976.9421,0.0,4455.455,4393.1465,4169.2417,4082.504,4062.3423,4150.5234,4432.5454,4324.454,4075.6628,4147.2515,4373.385,4199.7056,4007.2615,4086.3594,4245.3115,4167.102,4135.512,4081.0588,4559.9404,4081.9304,4104.978,3985.8318,4264.744,4563.022,3959.362,4252.8623,4200.3677,4317.478,4152.2686,4364.3013,4115.807,4237.0713,4423.101,4087.555,4181.699,4289.975,4591.0894,4322.141,4222.6724,4275.543,4319.6797,4271.943,4381.3647,4365.45,4443.1396,4383.623,4440.363,4698.354,4173.8623,4469.8647,4460.871,4422.887,4712.458,4512.624,4981.8804,4618.1562
Auts2,3882.1638,3932.1885,4018.4714,3742.6313,4345.127,4013.8733,3963.139,3850.3044,3698.5474,4070.1802,3890.9436,4124.159,4217.1606,4246.537,3881.455,3795.7803,3591.7551,4072.589,3857.388,3874.442,3625.7993,4066.3145,4144.333,3875.0571,4215.117,3852.506,4337.979,4112.38,3773.9773,3925.9102,3479.3938,4092.85,3899.8108,3796.117,4058.2725,4187.266,4081.9204,4091.501,4177.5464,4100.107,3938.5288,4025.497,3790.8801,4455.455,0.0,4155.165,4417.181,4030.3728,4202.9946,4226.366,4405.624,3923.1584,3845.3335,4014.7512,4168.6685,4059.6814,3797.775,3792.8967,4014.6016,3812.6367,3945.4314,3688.3252,4313.931,3993.1978,3766.337,3737.8865,3941.9048,3661.2822,3752.572,3913.0059,4016.4727,4012.9,3816.8037,3812.8757,3938.3555,3846.5518,3910.331,3746.0464,3865.9937,3982.704,4161.1064,3719.8103,4110.9375,3908.404,3875.533,3864.512,3713.1125,3712.637,4014.7754,3836.39,3950.4614,3773.9114,3787.6294,4349.106,3900.8074,3791.4207,3750.1743,3929.0107,3807.0542,3846.85
Lrig3,3817.3008,3816.3523,4022.1914,4222.4204,4013.7246,3984.7427,4087.0664,3821.489,4095.3477,4475.2964,3909.2573,4370.8057,4361.875,3655.823,3729.656,3850.4,4157.318,4261.085,3790.8394,3826.318,4345.3286,4349.6455,4033.6707,3757.861,3493.2231,3873.5867,3661.1768,3889.1846,3911.7441,4227.6543,3975.7622,4196.8867,4039.4243,3920.8838,3694.6897,3780.7727,3828.748,3842.261,4026.5352,3681.973,4140.8174,4167.84,3912.5078,4393.1465,4155.165,0.0,4363.326,4025.5166,3974.4133,3932.8105,3836.363,3950.0916,4031.9712,3838.6028,4166.616,4211.5186,3910.3816,4030.8252,4438.6084,4036.4436,4069.4695,4256.218,4155.576,4003.1782,3887.6533,4144.4756,4192.0513,4318.2363,4072.7612,4074.2756,4073.6472,4187.073,3837.7449,4008.1382,4433.383,4219.609,4180.5205,4051.4927,4045.4211,3861.3086,3847.0693,4457.1816,3935.6218,4305.4575,4093.5872,4267.3467,4574.499,4246.253,4011.7417,4046.9846,4012.8508,4694.589,4161.6543,4172.2227,4335.8564,4312.8364,4403.238,4288.758,4271.7866,4535.026
Meis1,3894.9792,3967.4148,4052.9622,3941.246,4315.8936,3989.6843,3904.9185,4038.7825,4297.75,4278.7793,4216.5845,4066.2515,3640.8647,4389.512,4025.3823,4009.4387,4060.8875,4032.2302,4029.146,4055.6697,4222.571,4466.115,4085.441,4180.078,4231.2017,3983.838,4084.641,4039.332,4174.161,4296.3613,4128.276,4077.8188,3755.8333,3830.5635,3953.4478,4212.325,3984.921,3897.2808,4203.829,4121.4956,3560.956,4024.204,3784.737,4169.2417,4417.181,4363.326,0.0,3940.6094,4020.0747,3997.609,3433.377,4270.7246,4096.602,4012.607,4214.586,4010.8503,3841.7356,3805.4795,3941.6914,3741.4614,4314.5034,4189.74,4094.775,3847.4373,3785.16,3912.359,4129.291,4012.3306,3813.7603,3799.8967,3815.7095,4133.2227,3863.6177,3874.5203,3899.2432,3839.028,3803.6116,3868.1401,3765.9995,3876.619,3881.261,3803.2195,3913.2927,3940.1694,3929.3447,3759.411,3955.5376,3923.6606,3969.1123,3758.871,3351.6443,3933.8772,3846.176,3495.578,3806.7925,3774.979,3745.2842,3437.5122,3496.415,3919.7983
Hist1h2ap,3850.427,3949.9902,3732.8406,4164.3555,3927.809,3804.8948,3789.972,3764.0247,3748.0476,3816.5068,3807.6907,3840.3875,3534.9116,3969.5967,3661.4187,3740.358,3834.705,3967.4482,3630.2966,3614.1753,3406.2427,3561.898,3476.606,3596.4402,3878.4229,3614.0603,3549.7944,3713.8364,3624.9111,3413.8613,3803.647,3925.5051,3881.893,3861.018,3942.436,4019.7073,3940.258,3775.283,3982.6902,3913.175,4067.6692,3865.796,3891.6414,4082.504,4030.3728,4025.5166,3940.6094,0.0,4874.7544,4962.091,5019.782,4121.0444,4144.5547,3879.325,3937.992,3832.911,3886.2212,3777.3975,4026.5144,3910.916,3941.713,4085.8083,4080.188,3961.8428,3892.6094,4004.25,3810.819,4017.187,3740.5376,4020.1929,4018.8364,3980.1284,3897.0183,3989.748,3922.8826,4027.063,4096.2046,3994.0247,4299.0566,4048.7144,3929.4363,4090.2498,4075.6404,4012.5317,4117.2407,4190.4976,4196.8384,3973.1724,4248.7124,4139.3823,3929.1099,4108.199,4257.414,3967.3777,4232.795,4047.0322,4234.8926,4202.8223,4303.7256,4424.631
Hist1h1b,3877.8245,4060.2705,3726.6304,4099.9575,3834.359,3752.272,3794.5854,3727.4731,3847.0564,3627.673,3807.8325,4025.983,4122.8604,3713.627,3591.604,3643.9192,3780.3848,3891.2312,3592.128,3574.4648,4008.5225,3563.7754,3432.1929,3540.332,3691.1829,3580.6443,4096.074,3965.3523,3625.6797,3295.1401,3913.6235,4060.985,3811.4902,3864.198,3875.555,4085.194,4004.6807,3660.1433,4025.75,4136.2754,4011.6304,3934.0208,3885.629,4062.3423,4202.9946,3974.4133,4020.0747,4874.7544,0.0,5065.952,5168.427,4115.9995,4286.778,3900.1816,3999.6313,3871.87,3889.168,3868.1108,3969.1362,3854.4243,4069.6846,3942.5835,4049.8857,3993.0864,4033.2866,3912.3887,4135.8345,4212.1113,3446.9954,3956.8784,4345.937,4104.2705,4028.0793,4020.4397,4198.483,4187.903,4105.581,4247.9995,4193.4824,4105.4194,4001.5168,4009.847,4068.6584,4169.0537,4248.9307,4267.955,4157.7783,4223.664,4350.7607,4120.8984,4022.9475,4212.4067,4293.0664,4158.0205,4319.5864,4278.3506,4264.078,4281.105,4360.154,4313.8945
Hist1h1a,3800.731,4031.164,3744.9092,4192.093,4091.2427,3822.8923,3738.996,3662.2305,3613.9495,4001.9797,3680.035,3897.005,3663.9678,4039.3726,3576.7922,3645.8716,3629.0393,3889.4573,3472.5967,3484.1538,3365.1714,3668.377,3457.201,3370.9834,3824.611,3538.9006,3646.7773,3530.964,3367.6956,3289.6504,3566.7246,3871.2405,3970.3164,3846.405,3911.8064,4035.6694,3852.6433,3967.1062,3855.256,3985.5254,4066.501,3908.404,3885.3755,4150.5234,4226.366,3932.8105,3997.609,4962.091,5065.952,0.0,5410.1753,4355.507,4145.8687,4180.6025,4153.7446,4098.639,3944.0596,4042.2107,4013.6187,3774.3318,4144.5913,4146.612,4207.441,4060.9233,4018.4211,4234.9824,3947.1267,4021.0955,3896.6843,3877.0117,4107.384,4556.104,4071.573,4171.586,3957.329,4419.9478,4114.953,4165.9834,4476.396,4040.1553,4202.856,4272.3745,4134.6987,4103.9175,4274.306,4449.225,4234.543,4396.4756,4345.69,4364.5127,4139.9375,4348.3467,4575.294,4301.2837,4334.278,4261.251,4137.3228,4370.3066,4825.186,4308.6865
Hist1h2ae,3924.6978,4114.528,3758.772,4023.6938,3803.5857,3823.1099,3689.9895,3607.0657,3581.4075,3569.3677,3784.5752,3698.3066,3600.817,3462.729,3459.8198,3484.466,3662.6956,3490.0781,3415.4373,3293.617,3257.696,3337.287,3240.0217,3163.3384,3629.5613,3201.8774,3636.1868,3255.055,3096.4934,3133.6729,3375.587,3820.8752,3829.315,3922.2224,3968.0615,3845.9404,4417.658,3789.2,3813.0752,3993.5435,4104.2334,4054.9287,3935.6934,4432.5454,4405.624,3836.363,3433.377,5019.782,5168.427,5410.1753,0.0,4354.655,4314.8394,4146.813,4263.8545,4041.7522,3966.1157,3839.5498,3941.0564,4074.9075,3965.4739,4244.775,4422.075,4226.872,4276.05,4486.851,4227.637,4285.2134,3766.1926,3938.879,4228.4854,4441.0596,4159.7065,4044.631,4314.522,4171.707,4184.59,4500.3047,4193.742,4049.4412,3943.905,4112.1494,4370.1636,4229.4307,4435.3267,4685.066,4225.0923,4323.0874,4946.0474,4550.257,4275.502,4255.2266,4435.843,4910.17,4526.619,4267.4565,4557.926,4258.4053,4894.1104,4633.4727
Sh3bgrl,3988.3252,4067.407,3947.099,4006.4097,4025.2288,3962.5625,3830.1006,3875.9958,3830.9214,3913.268,3931.3901,3697.588,3847.8367,3866.2202,3702.9211,3743.7725,4001.9568,3929.0452,3782.0537,3654.6355,3833.432,3892.3662,3835.13,3616.9143,3727.2898,3767.3416,3752.2793,3835.0793,3554.6833,4081.2124,4162.5347,4221.464,4008.8516,3907.0146,3945.048,4100.713,4278.1597,3882.1099,3926.3074,4085.2751,4065.903,3974.8472,3912.7148,4324.454,3923.1584,3950.0916,4270.7246,4121.0444,4115.9995,4355.507,4354.655,0.0,4261.662,4082.927,4193.5527,4162.606,3977.701,4042.4155,4080.3428,4174.8945,4212.665,3631.3357,4126.8145,3984.1055,3998.1794,4166.9683,4139.323,3942.5198,4071.0771,3975.689,3936.518,4051.8882,4141.465,4023.133,4403.208,4284.8086,4132.14,4123.701,4200.55,4145.497,4035.6511,4162.0093,4224.6274,4139.8896,4304.6763,3905.1536,4224.7915,4304.1626,4275.8057,4263.924,4069.668,4284.934,4279.65,4513.0503,4426.395,4094.804,4398.4233,4411.285,4568.8896,4520.0493
H1fx,4049.739,3984.8904,3821.5989,4043.1038,3683.9192,3914.1692,3710.5244,3748.721,3810.2063,3832.6306,3702.3708,3844.4795,3735.4673,3709.7876,3718.634,3654.4243,3711.7134,3971.2788,3626.5786,3665.7085,3936.6755,3842.9966,3714.0903,3618.0098,3772.225,3696.6895,3830.523,3567.6125,3675.7747,3875.9185,3816.0923,4002.865,3891.6816,3815.9736,4030.4607,3898.1265,3905.1885,3998.7544,3844.9143,3878.8867,3926.6719,4127.0005,3846.9797,4075.6628,3845.3335,4031.9712,4096.602,4144.5547,4286.778,4145.8687,4314.8394,4261.662,0.0,3858.2026,3887.4287,3983.6768,3843.5354,3939.9443,3814.0635,3985.066,4193.0137,3575.9832,4064.5757,3935.824,3906.793,3768.0686,3718.7231,4358.017,3606.4333,3849.8628,4077.2717,4023.403,4022.4614,4016.5354,4209.1465,3910.794,3955.6733,4229.266,4187.2617,3990.2065,3810.111,4042.5957,4189.038,4107.4336,4256.8164,4028.8865,3938.8608,4134.954,4280.465,4053.1555,4092.9573,4081.009,3893.8584,4037.5051,3985.7935,4024.412,4057.9124,3949.0405,4108.898,4231.534
Lsp1,3949.9624,3966.0083,3914.5208,3821.734,3854.7756,4000.9146,3938.6104,3971.1633,4100.9033,4110.05,4040.3862,3846.0247,4047.059,3898.8333,3913.0852,3950.7036,3958.2236,4086.2832,3919.7695,3949.9019,3778.5913,4080.1016,4299.537,3875.5752,4104.034,3980.265,4177.254,4050.5232,3957.947,4020.1824,4046.2632,4052.9082,4019.0112,3901.9011,4054.2046,3944.788,4057.332,4003.184,3896.9482,3976.0703,3777.2085,4055.4844,3875.0369,4147.2515,4014.7512,3838.6028,4012.607,3879.325,3900.1816,4180.6025,4146.813,4082.927,3858.2026,0.0,4180.381,4323.587,3906.7441,3991.3564,4125.909,4178.08,4041.584,4297.681,4172.194,4073.8745,3989.2742,4132.753,3991.2744,4048.6484,4123.0903,3962.8794,3968.5688,3979.7231,4057.203,4234.2354,3964.4175,4143.662,4115.5967,3834.146,4035.5532,3989.238,3924.7302,4032.4438,4046.171,4068.4622,3993.4893,4034.3022,4157.299,4164.3853,4147.4116,4046.579,4148.7935,4148.457,4176.7695,4232.541,3863.7246,4171.407,3990.7522,4071.5508,4119.7095,4296.405
Pcdh18,3912.0903,3957.8652,3950.3152,3857.2222,3984.4712,4000.2466,3787.8745,3857.719,3868.8699,4216.594,3685.5967,3843.4736,3840.747,4003.6768,3611.9004,3686.0151,3628.7314,3880.447,3571.4026,3602.0479,3708.7544,3530.3704,3502.705,3560.413,3660.0845,3518.336,3855.3206,3538.982,3349.9363,3558.6675,3622.9902,4086.4768,4057.6611,3959.8096,3986.065,4131.448,4315.0986,4112.747,4127.051,3992.8464,3981.1018,4104.202,4007.8079,4373.385,4168.6685,4166.616,4214.586,3937.992,3999.6313,4153.7446,4263.8545,4193.5527,3887.4287,4180.381,0.0,4480.1484,4037.9343,4146.1475,4080.2163,4042.083,4265.9775,4147.95,4226.838,4074.1719,4245.352,4328.253,4067.0935,4189.348,4235.209,4212.4185,4100.6035,4324.2344,4290.1445,4159.4956,4483.2983,3919.8228,4203.066,4247.039,3940.7817,4146.4316,4139.6123,4183.4917,4224.0923,4075.9094,4025.7441,4216.2285,4134.475,4613.3394,4482.6294,4462.2065,4304.3315,4348.6797,4405.3345,4656.988,4456.405,4440.1123,4528.9043,4575.1436,4491.0625,4764.352
Emilin1,3894.1792,3965.4004,4024.5007,3975.6824,3798.8782,4008.4395,3976.547,4129.428,4127.1997,4020.9229,3632.3398,3943.3188,4146.778,4076.527,3961.0618,3989.0254,3940.9087,4066.2793,3972.808,4019.8608,3602.3372,4124.032,4411.4385,3917.1614,4210.5947,4035.2078,3780.5322,4022.1858,4092.2542,4480.829,3699.0269,4068.0442,3847.211,3912.0786,4142.1655,4058.8726,4298.4604,3957.973,4075.1646,4065.8809,3826.8801,3909.2488,3893.726,4199.7056,4059.6814,4211.5186,4010.8503,3832.911,3871.87,4098.639,4041.7522,4162.606,3983.6768,4323.587,4480.1484,0.0,3879.369,4004.6216,4272.552,3819.6655,3950.6738,4305.6587,3859.667,4127.006,3951.0522,4147.842,4278.8066,4166.4004,4026.4146,4173.6577,3906.0503,4042.1553,4018.8887,3841.385,4149.2974,4219.817,4135.53,4021.5483,3971.4854,4218.908,4070.4214,4090.2917,3983.9531,4177.9917,3986.2058,4296.737,3898.9988,4202.0195,3916.905,3999.3352,4187.4263,4254.032,4230.3354,4337.695,3840.5327,4178.265,4433.787,4178.4663,3944.6917,4263.4985
Col1a2,3848.786,3880.1714,3796.5059,3743.2925,3706.7234,3815.8025,3766.726,3715.3967,3722.3691,3851.4268,3597.4414,3650.8357,3828.3792,3678.4277,3624.2896,3653.367,3722.4055,3757.344,3567.0242,3560.611,3714.7402,3590.8833,3601.3928,3529.132,3393.6064,3597.3958,3710.5488,3495.1116,3523.7112,3540.7014,3554.2974,3904.5767,3873.4495,3956.4705,3920.5242,3878.544,4096.4146,4011.5894,3900.9568,3919.4197,3873.1338,3884.627,3989.0696,4007.2615,3797.775,3910.3816,3841.7356,3886.2212,3889.168,3944.0596,3966.1157,3977.701,3843.5354,3906.7441,4037.9343,3879.369,0.0,4069.7717,3993.562,3993.2615,3971.1902,4056.0195,4094.5518,4053.7664,4035.16,4066.4863,4026.1677,4019.6667,4004.2944,4088.2703,3969.833,4045.9802,4072.69,4087.7864,4067.5251,4121.6694,4047.6653,4057.5757,4008.2505,4096.842,4052.752,4140.5044,4192.436,4160.432,4064.9844,4178.086,4147.64,4223.329,4217.838,4327.688,4327.2876,4255.2515,4376.8115,4367.156,4289.2725,4430.921,4297.4526,4293.565,4532.4893,4418.861
Col6a2,3913.0422,3857.1572,3988.4092,3867.9673,3890.8633,3979.792,3870.5632,3856.2427,3965.597,4082.9976,3657.1428,3725.6892,3993.149,3648.6477,3710.8545,3704.0156,3805.6294,4016.988,3635.73,3675.6885,3869.996,3999.9714,3959.5398,3666.8098,3611.01,3756.8533,3624.5737,3634.2544,3656.0378,3705.3538,3632.6956,3947.0054,3863.8916,3983.663,3849.417,3939.7493,4303.7754,4108.8423,3956.5127,3981.6982,3961.789,3970.3303,3990.7256,4086.3594,3792.8967,4030.8252,3805.4795,3777.3975,3868.1108,4042.2107,3839.5498,4042.4155,3939.9443,3991.3564,4146.1475,4004.6216,4069.7717,0.0,4056.1555,4334.3887,4084.2117,4298.4067,4284.9565,4166.4126,4159.159,4129.29,4193.7554,4033.9707,4364.731,4188.2954,4106.6694,4192.2163,4154.0127,4159.133,4232.0166,4159.2114,4138.885,4132.649,3941.5176,4207.823,4160.594,4098.862,4228.367,4136.0996,4174.4136,4017.4307,4280.3467,4286.383,4464.0854,4326.9746,4566.002,4253.038,4314.5054,4198.6274,4355.3096,4460.297,4303.924,4230.701,4729.9146,4338.233
Foxf1,3951.9648,3972.0288,3830.7485,4026.6858,3964.985,4073.1665,3983.3108,3983.6328,4182.3604,4163.194,3829.5442,4076.999,3769.3933,3760.8892,3828.9438,3877.1733,4069.3865,4267.745,3836.5447,3807.439,3881.244,3883.4375,4014.5168,3788.9438,3758.1445,3807.2932,4410.3223,3969.3562,3954.1045,3994.12,4389.8267,4015.0608,4015.8447,3912.6597,3926.1436,3687.85,3997.4614,3709.6206,3866.3625,4003.3574,3872.5298,3954.6084,3967.698,4245.3115,4014.6016,4438.6084,3941.6914,4026.5144,3969.1362,4013.6187,3941.0564,4080.3428,3814.0635,4125.909,4080.2163,4272.552,3993.562,4056.1555,0.0,4609.5127,4132.6597,4527.071,4276.7065,4077.513,4086.3445,4382.557,4152.0024,4202.9976,4175.6655,4122.9927,4050.7761,4075.291,4031.3445,4141.1562,4016.6128,3959.21,4077.2456,4120.1445,3999.7998,4207.229,4311.253,4291.8086,4121.5234,4357.2695,4258.3003,4133.6743,4554.9346,4267.6235,4313.496,4292.2124,4412.744,4681.8535,4474.3574,4445.625,4451.609,4379.6626,4480.4434,4224.847,4824.921,4636.484
Foxf2,4007.7908,3809.5247,3988.831,4491.8496,4196.8374,3995.0454,4086.7,4147.164,3973.3528,4558.4346,4035.6965,3951.27,3701.5398,4037.8452,3945.973,3989.5068,4206.165,4082.6628,4074.7778,3956.4382,4123.301,4282.666,3855.2024,3982.7231,3601.6733,4290.7524,4603.61,4585.2354,4372.7217,4614.954,5286.0273,3983.918,4223.05,3862.5996,4034.3271,3665.811,4308.4775,3748.932,3572.1873,3632.5454,3869.315,4231.5083,3938.9482,4167.102,3812.6367,4036.4436,3741.4614,3910.916,3854.4243,3774.3318,4074.9075,4174.8945,3985.066,4178.08,4042.083,3819.6655,3993.2615,4334.3887,4609.5127,0.0,4321.392,4254.319,4278.0566,4094.7693,4080.0461,3865.6475,4069.1106,3628.8477,4287.7974,3946.3174,4285.5015,3899.7844,3918.8037,4061.1914,4268.19,4327.805,4253.29,4355.1865,3725.781,4131.4346,3770.7698,4334.4717,3983.1658,4518.4688,4056.4895,4188.5767,5022.163,3747.5706,4394.8926,4211.076,3672.5723,4683.5586,4292.4873,3683.9932,4330.2905,3998.3523,4145.2964,4369.3843,4710.5312,4422.412
Pgm5,3920.0527,3908.755,3807.0247,3875.5508,4175.6216,4029.4062,3905.3098,3923.5134,4125.483,4135.2993,4128.9546,4025.482,4139.8657,4066.6035,3863.5889,3916.1082,3984.0618,4079.4543,3791.3594,3909.2085,4350.2993,3988.8284,3997.3027,3875.8413,3775.415,4029.6602,4357.7764,3891.149,3974.394,4339.8965,4327.9688,4130.6553,4103.035,3922.4727,3901.117,3854.2878,4276.4155,4085.9995,4348.1914,4140.297,3833.0598,4069.7407,3937.6748,4135.512,3945.4314,4069.4695,4314.5034,3941.713,4069.6846,4144.5913,3965.4739,4212.665,4193.0137,4041.584,4265.9775,3950.6738,3971.1902,4084.2117,4132.6597,4321.392,0.0,4443.562,4482.384,4024.3682,4013.2754,4093.013,4066.8193,4056.956,4154.479,4121.232,4029.4475,4213.446,4078.5017,4180.8657,4250.4937,4258.5825,4041.241,4181.781,3801.3406,4004.5376,4246.0913,4019.9182,4014.1213,4150.173,4213.5254,4047.1147,4452.886,4038.428,4584.918,4114.072,4378.991,4113.789,4253.024,4118.7354,4087.4275,4198.4395,4295.2554,4166.022,4178.76,3883.3591
Nkx6-1,3979.687,3941.7864,4033.4048,3642.204,3966.4946,4008.3555,3934.9001,3959.8486,3884.2031,3900.2952,4157.362,3703.3994,4049.4458,3420.493,3803.7263,3963.5962,4194.5874,4017.3882,3825.5898,3890.7822,4457.995,4196.5938,4020.8284,3876.2808,3728.6265,4021.7998,3646.5776,4068.0405,4122.947,4278.4736,3477.749,3989.9417,4121.5664,3974.7173,3969.5146,3828.1506,4236.3857,3785.5383,3930.4321,4026.0073,3900.8567,3940.7383,3955.42,4081.0588,3688.3252,4256.218,4189.74,4085.8083,3942.5835,4146.612,4244.775,3631.3357,3575.9832,4297.681,4147.95,4305.6587,4056.0195,4298.4067,4527.071,4254.319,4443.562,0.0,4974.8525,4149.167,3714.859,3823.8027,4366.4126,3634.7192,4460.6978,4080.9092,4011.9507,4115.338,4071.658,4173.172,4396.372,4086.2231,4239.1074,4165.736,3937.1223,4240.254,4156.092,3944.6895,4497.0464,4334.0767,4189.3613,3913.959,4363.578,3992.5764,4435.6035,4201.1055,3860.7383,4137.4146,4286.583,4650.344,4373.467,4218.5645,4366.494,4249.725,4156.6533,3951.7866
Osr1,4020.6726,4059.132,4015.9429,3493.5134,3959.644,3976.154,3754.8513,3874.883,3667.3152,3934.8228,4009.967,3764.5764,3989.9697,3639.3525,3635.6667,3702.6797,3681.7085,4013.4285,3626.595,3560.4756,3865.9724,3569.1045,3553.246,3564.216,3289.5444,3637.6155,3642.2876,3562.0837,3895.3716,3796.5244,3334.4656,3915.5693,3961.6655,4032.3513,3992.2192,3800.9644,4185.142,4158.76,4173.294,4125.597,4136.418,3989.6592,4020.4146,4559.9404,4313.931,4155.576,4094.775,4080.188,4049.8857,4207.441,4422.075,4126.8145,4064.5757,4172.194,4226.838,3859.667,4094.5518,4284.9565,4276.7065,4278.0566,4482.384,4974.8525,0.0,4238.142,4055.6882,4547.331,4125.1685,4436.926,4169.675,4469.3945,4464.9863,4335.023,4261.2666,4669.343,4628.2783,4220.978,4463.785,4607.294,4129.033,4555.774,4029.984,4532.347,4872.0093,4292.613,4236.2866,4180.0234,4634.6904,4354.6367,4852.722,4479.8506,4745.061,4598.1626,4529.6055,4618.046,4400.2783,4552.9863,4561.2173,4440.4565,5095.155,4264.771
Gpc3,3876.9834,3875.8296,3808.1665,3916.1653,3867.4487,3960.5786,3825.079,3728.6418,3846.6384,4000.878,3567.9587,3828.7861,3929.063,3635.6975,3639.4863,3663.5679,3658.6345,3877.9224,3571.995,3560.818,3669.3115,3766.2046,3612.4062,3523.7278,3456.0002,3678.3943,3691.219,3666.1987,3566.5522,3730.4897,3742.9324,4006.8218,3966.0747,3968.4329,4002.608,3943.2217,4163.5327,3937.8887,3954.3188,3931.7656,3979.15,4016.4912,3992.083,4081.9304,3993.1978,4003.1782,3847.4373,3961.8428,3993.0864,4060.9233,4226.872,3984.1055,3935.824,4073.8745,4074.1719,4127.006,4053.7664,4166.4126,4077.513,4094.7693,4024.3682,4149.167,4238.142,0.0,4079.5256,4018.2444,4135.6914,3966.491,4133.858,4226.2495,4052.6245,4042.851,4096.856,4256.2188,4146.4854,4198.2725,4147.7476,4169.9023,4081.1006,4216.1743,4134.983,4128.28,4274.115,4119.5728,4213.1006,4180.5435,4343.064,4213.84,4260.672,4366.577,4234.7915,4397.189,4611.5586,4455.633,4386.744,4442.084,4334.502,4342.9893,4659.252,4509.273
Gucy1a1,3853.4697,3879.8716,3825.7166,3768.1182,3931.7073,3773.9277,3750.275,3745.2944,3726.8027,3902.6418,3813.9863,3670.9385,4172.0527,3801.1797,3665.486,3737.418,3779.3816,3931.5737,3706.6511,3547.5806,3383.493,3831.2114,3505.2075,3504.2761,3400.677,3532.3386,3810.0427,3691.0205,3639.3308,3579.1394,4011.8887,4015.873,4029.0508,3921.091,4079.3313,4258.166,4150.8286,4205.6772,3995.4019,4072.3687,4167.72,4067.1255,3997.7168,4104.978,3766.337,3887.6533,3785.16,3892.6094,4033.2866,4018.4211,4276.05,3998.1794,3906.793,3989.2742,4245.352,3951.0522,4035.16,4159.159,4086.3445,4080.0461,4013.2754,3714.859,4055.6882,4079.5256,0.0,4459.5327,4198.0283,4415.6846,4096.0454,4146.99,4215.547,4140.3467,4217.45,4208.7236,4321.7324,4280.9136,4249.899,4070.4275,4098.4575,4318.9263,4281.8096,4239.0044,4410.984,4193.2065,4105.952,4331.893,4217.2812,4292.813,4489.9927,4533.884,4075.5974,4296.4526,4486.125,4660.5874,4496.646,4356.243,4227.8237,4424.171,4488.8076,4719.9116
Zfp703,3888.0303,4112.5137,3961.4111,3570.2446,3950.645,3984.4873,3841.74,3784.6562,3848.0728,3935.1084,3828.8738,3770.6658,4020.5286,3802.9507,3715.5288,3689.1853,4215.842,4169.5312,3731.5938,3634.4321,3604.2012,3484.3555,3626.9832,3728.862,3975.6145,3737.3044,3404.0059,4001.8352,3799.498,3816.123,3679.8765,4001.9148,3955.1616,3910.649,3966.9592,4002.2876,4140.5244,3905.2917,4001.375,4181.444,3840.1309,3973.247,3951.991,3985.8318,3737.8865,4144.4756,3912.359,4004.25,3912.3887,4234.9824,4486.851,4166.9683,3768.0686,4132.753,4328.253,4147.842,4066.4863,4129.29,4382.557,3865.6475,4093.013,3823.8027,4547.331,4018.2444,4459.5327,0.0,4434.4736,4485.446,4261.0815,4248.6377,4244.173,4116.6587,4210.5693,4023.8596,3857.5044,4364.2754,4163.2524,4188.8335,4177.355,4504.852,4222.664,4189.5283,4142.675,4261.818,4112.296,4093.5142,4281.1123,4426.311,4195.0293,4347.267,4337.3496,4161.0703,4289.9062,4449.9043,4371.005,4211.98,4264.6772,4525.1367,4419.8203,4454.17
Ltbp4,4051.02,3751.5964,3821.3442,4132.5923,3660.5159,3960.6702,3963.4504,3772.6582,3765.7537,4229.235,3501.3232,4034.6692,3806.4749,3764.111,3742.3093,3736.0635,4112.801,3828.021,3678.6396,3790.777,3982.8699,3959.2964,3752.7996,3779.8535,3402.472,3852.584,4349.4277,3650.4485,3845.5906,3984.5034,4502.839,4031.1304,3904.8105,3980.8125,3915.887,3641.4812,3940.5803,4197.4385,3914.0806,3741.7637,3861.8499,4054.3271,3995.8186,4264.744,3941.9048,4192.0513,4129.291,3810.819,4135.8345,3947.1267,4227.637,4139.323,3718.7231,3991.2744,4067.0935,4278.8066,4026.1677,4193.7554,4152.0024,4069.1106,4066.8193,4366.4126,4125.1685,4135.6914,4198.0283,4434.4736,0.0,4295.9814,4480.126,4216.003,4112.0127,4029.1296,4101.823,4080.6921,4180.839,4118.809,4104.1353,4340.5396,3995.7969,4348.8755,4279.7534,4282.482,4325.1475,4254.2954,4490.963,4297.72,4482.279,4359.7603,4583.715,4409.14,4148.504,4567.49,4462.6655,4759.591,4521.4844,4480.7734,4437.9316,4155.5156,4685.812,4556.813
Cacng7,3746.1406,4007.2107,3821.1245,4217.1343,3851.7275,3785.33,3623.3633,3562.4688,3826.8538,3844.3071,3493.8809,3607.5623,4031.3147,3367.5173,3497.5125,3576.6072,3771.3267,3752.186,3550.8174,3316.091,3388.9097,3602.5898,3208.4495,3374.2188,3511.5222,3460.1257,3301.2573,3819.9043,3158.0767,3511.5425,3081.3008,4194.561,4030.2263,3918.8176,3948.576,3998.6262,3928.311,3604.5918,4195.791,4171.0825,4357.718,4234.62,3956.7632,4563.022,3661.2822,4318.2363,4012.3306,4017.187,4212.1113,4021.0955,4285.2134,3942.5198,4358.017,4048.6484,4189.348,4166.4004,4019.6667,4033.9707,4202.9976,3628.8477,4056.956,3634.7192,4436.926,3966.491,4415.6846,4485.446,4295.9814,0.0,4954.8174,3984.005,4256.8833,4231.3237,4214.2944,4141.8467,3994.6304,4252.1357,4061.2822,4415.963,4156.87,4196.715,3901.0935,4318.878,4465.4937,4669.3833,4420.167,4522.944,3774.8804,4324.422,4565.8677,4313.047,4523.75,4229.687,4645.208,4198.4736,4471.384,4572.145,4325.418,4577.6157,4784.4463,4913.285
Bnc2,3871.6821,4006.4556,3773.4548,3205.5835,3989.7249,3885.5251,3862.9329,3882.1113,3754.933,4197.624,3452.8628,4083.9216,4434.934,3422.9211,3731.884,3658.9807,4124.3867,3822.3298,3664.524,3620.1292,3707.106,3789.956,3481.7825,3640.274,3123.9526,3898.9238,3613.7097,3520.8882,3845.2993,3642.6262,3529.2283,4054.1143,3947.9146,3931.411,3902.6943,3928.2488,4429.0728,3984.198,4061.0103,4004.0198,4327.483,3930.2732,3945.4607,3959.362,3752.572,4072.7612,3813.7603,3740.5376,3446.9954,3896.6843,3766.1926,4071.0771,3606.4333,4123.0903,4235.209,4026.4146,4004.2944,4364.731,4175.6655,4287.7974,4154.479,4460.6978,4169.675,4133.858,4096.0454,4261.0815,4480.126,4954.8174,0.0,4226.5923,4216.296,3715.09,4146.4067,4168.1133,4438.833,3910.7393,3828.6025,4224.0186,4433.256,4378.165,4381.366,4046.8242,4244.054,4416.133,4185.739,4495.4106,4387.58,4686.429,4315.969,4318.124,4196.7905,4486.4067,5054.36,4655.7886,4404.402,4212.683,4161.1113,4561.435,4515.2734,4683.1743
Col6a1,3850.5334,3854.0554,3850.4363,3730.501,3728.2415,3848.9065,3795.291,3859.7463,3812.4724,3882.2798,3560.025,3774.295,3947.109,3684.6064,3590.2808,3643.3618,3816.7483,3782.5107,3554.6006,3480.9236,3670.8252,3721.394,3956.729,3507.386,3637.3813,3560.255,3942.1064,3342.1443,3519.255,3586.7502,3300.9045,4159.8486,4023.8772,3998.6406,3954.9504,3923.894,4183.2085,4007.7837,4006.1135,4055.1414,3880.2524,4061.5366,4023.9653,4252.8623,3913.0059,4074.2756,3799.8967,4020.1929,3956.8784,3877.0117,3938.879,3975.689,3849.8628,3962.8794,4212.4185,4173.6577,4088.2703,4188.2954,4122.9927,3946.3174,4121.232,4080.9092,4469.3945,4226.2495,4146.99,4248.6377,4216.003,3984.005,4226.5923,0.0,4058.9182,4141.7056,4204.657,4078.4956,4119.904,4190.0083,4309.0684,4164.8,4124.1997,4314.6963,4373.445,4409.525,4190.6787,4253.0283,4262.522,4278.9653,4343.964,4494.8228,4437.2983,4502.728,4712.8467,4587.2793,4570.555,4477.1895,4469.9053,4545.7666,4473.518,4454.9663,4914.6104,4611.398
Fbln1,3902.7964,3836.078,3810.6719,3692.8315,3702.5027,3697.4714,3746.3982,3639.3262,3487.1934,3803.222,3346.6597,3755.9985,3669.53,3527.1033,3456.8643,3495.367,3474.9639,3643.552,3389.4856,3345.8625,3320.4805,3244.4773,3379.543,3396.9465,3626.543,3396.6016,3365.699,3416.2817,3251.735,3407.0369,3439.9167,4094.5627,3965.8755,3907.6501,4071.6267,4060.5874,4102.104,4169.6934,3953.335,4080.1624,4160.4263,4023.3792,3959.7554,4200.3677,4016.4727,4073.6472,3815.7095,4018.8364,4345.937,4107.384,4228.4854,3936.518,4077.2717,3968.5688,4100.6035,3906.0503,3969.833,4106.6694,4050.7761,4285.5015,4029.4475,4011.9507,4464.9863,4052.6245,4215.547,4244.173,4112.0127,4256.8833,4216.296,4058.9182,0.0,4262.8076,4186.815,4263.651,4090.5823,4173.6475,4274.014,4059.1057,4347.688,4256.3945,4206.0933,4291.6807,4233.0415,4359.0083,4189.743,4307.8486,4379.185,4560.7095,4390.8247,4388.2266,4641.0205,4330.9644,4673.1616,4848.8315,4586.465,4520.1606,4236.6694,4752.5786,4759.273,4529.4688
Iqgap2,3911.969,3931.254,4037.6587,3876.3728,4069.1428,3936.2314,3744.947,3826.1602,3803.2559,3736.1357,3927.6284,3653.4336,4078.712,3719.0583,3567.344,3649.749,3754.83,3998.3008,3506.1792,3534.6072,3500.9524,3938.4114,3553.496,3560.718,3633.8467,3563.1638,3837.8384,3742.8745,3428.2,3618.1655,3429.06,4130.594,4013.8008,3958.0542,4105.588,4089.8865,4161.166,4153.5234,4320.369,4229.13,4149.605,3984.9192,4005.5305,4317.478,4012.9,4187.073,4133.2227,3980.1284,4104.2705,4556.104,4441.0596,4051.8882,4023.403,3979.7231,4324.2344,4042.1553,4045.9802,4192.2163,4075.291,3899.7844,4213.446,4115.338,4335.023,4042.851,4140.3467,4116.6587,4029.1296,4231.3237,3715.09,4141.7056,4262.8076,0.0,4162.8813,4030.0247,4224.388,4175.0967,4357.3477,4332.6147,4013.4924,4287.6084,4400.9595,4234.6455,4629.8857,4398.749,4323.8813,4778.8755,4625.599,4262.497,4367.381,4532.576,4445.33,4493.466,4899.127,4401.5723,4492.0186,4478.144,4481.662,4372.3916,4731.031,4264.4663
Itm2a,3863.802,3862.308,3808.132,3796.6667,3646.4312,3808.1763,3666.8037,3672.779,3622.308,3795.4666,3685.6208,3587.225,3807.9456,3613.2703,3471.1736,3539.964,3742.8518,3803.6653,3410.3665,3411.5684,3319.6238,3426.1587,3316.4731,3310.2468,3221.8647,3437.3726,3782.0232,3280.184,3405.458,3332.7544,3287.5928,4028.8901,3873.7334,3980.8267,4076.2769,4068.7,4201.968,4144.071,4016.5222,4078.3677,3989.495,3999.3635,4057.116,4152.2686,3816.8037,3837.7449,3863.6177,3897.0183,4028.0793,4071.573,4159.7065,4141.465,4022.4614,4057.203,4290.1445,4018.8887,4072.69,4154.0127,4031.3445,3918.8037,4078.5017,4071.658,4261.2666,4096.856,4217.45,4210.5693,4101.823,4214.2944,4146.4067,4204.657,4186.815,4162.8813,0.0,4217.5723,4241.0376,4266.4194,4207.7476,4247.557,4289.442,4341.58,4358.5728,4229.0273,4441.1235,4261.92,4234.55,4570.8447,4311.5293,4499.341,4436.6313,4617.9307,4468.73,4343.71,4827.175,4754.5273,4670.125,4544.4277,4420.203,4610.428,4982.644,4904.9316
Ptk7,3915.8303,3994.615,3731.7666,3805.5115,3677.2397,3736.124,3657.0105,3710.162,3797.426,3812.642,3217.3894,3616.2588,3654.114,3770.1982,3484.428,3490.1821,3689.306,3584.986,3376.9128,3377.4521,3430.5288,3273.4248,3337.213,3293.1594,3260.5261,3426.3857,3853.4849,3376.8457,3175.4202,3377.304,3424.9526,4038.7063,3875.403,3973.2444,4070.9497,3970.9248,4292.8745,4025.2964,4127.89,3958.5852,3880.6047,4090.1306,4023.3806,4364.3013,3812.8757,4008.1382,3874.5203,3989.748,4020.4397,4171.586,4044.631,4023.133,4016.5354,4234.2354,4159.4956,3841.385,4087.7864,4159.133,4141.1562,4061.1914,4180.8657,4173.172,4669.343,4256.2188,4208.7236,4023.8596,4080.6921,4141.8467,4168.1133,4078.4956,4263.651,4030.0247,4217.5723,0.0,4398.959,4340.177,4419.075,4084.0312,4190.085,4156.716,4379.3164,4393.107,4418.5415,4317.9907,4246.333,4683.9385,4192.9927,4397.7793,4706.296,4495.1377,4538.74,4458.567,4547.2847,4813.852,4575.311,4817.3467,4619.183,4620.9536,5172.891,4662.653
Islr,3936.0034,3950.82,3836.9756,3793.8647,3966.9648,3958.072,3883.1106,3898.0923,4025.8486,4039.4778,3756.0227,4009.723,3980.7668,3550.7446,3717.1135,3762.9067,3968.1868,3942.2046,3732.5994,3505.7234,3504.1191,3636.1545,3484.9263,3696.5215,3709.358,3792.5874,3867.5005,3832.3872,3785.337,4098.6978,3791.3135,4130.3506,4030.2424,3967.1162,3925.9292,4072.4924,4346.975,4092.5447,4280.9834,4199.4194,4160.215,4231.6294,4025.691,4115.807,3938.3555,4433.383,3899.2432,3922.8826,4198.483,3957.329,4314.522,4403.208,4209.1465,3964.4175,4483.2983,4149.2974,4067.5251,4232.0166,4016.6128,4268.19,4250.4937,4396.372,4628.2783,4146.4854,4321.7324,3857.5044,4180.839,3994.6304,4438.833,4119.904,4090.5823,4224.388,4241.0376,4398.959,0.0,4876.847,4181.6846,4413.2,4186.717,4243.038,4538.657,4347.886,4508.1377,4204.784,4595.823,4396.9414,4349.2993,4366.8325,4673.7114,4450.02,4331.494,4712.254,4411.86,4740.195,4469.8994,4779.0435,4601.6914,4446.311,4468.4346,4646.396
Cd63,3787.158,3921.7625,3603.9143,3614.3386,3547.4795,3843.469,3699.0488,3688.2607,3618.1282,3883.6128,3338.6846,3671.5117,3824.5977,3289.1602,3420.9805,3526.23,3884.5,3742.0442,3417.2175,3333.135,3544.172,3253.2847,3264.8337,3339.2742,3363.8667,3460.0068,3652.0044,3426.4937,3371.708,3560.567,3522.0154,3958.8496,3992.7424,3985.9695,4023.138,3956.9749,4323.012,3827.9412,4252.1133,3944.996,3973.3972,4088.6606,4057.529,4237.0713,3846.5518,4219.609,3839.028,4027.063,4187.903,4419.9478,4171.707,4284.8086,3910.794,4143.662,3919.8228,4219.817,4121.6694,4159.2114,3959.21,4327.805,4258.5825,4086.2231,4220.978,4198.2725,4280.9136,4364.2754,4118.809,4252.1357,3910.7393,4190.0083,4173.6475,4175.0967,4266.4194,4340.177,4876.847,0.0,4228.4272,4143.359,4376.9937,4253.3564,4481.0356,4341.3745,4274.5605,4333.412,4433.2993,4665.8374,4492.159,4255.3877,4614.0684,4740.134,4724.038,4623.33,4731.987,4942.725,4604.4204,4853.3726,4776.613,4578.072,5076.5566,4814.96
Vcan,3920.7483,3803.159,3772.5564,3730.1653,3800.9429,3856.0571,3650.6812,3662.5364,3590.1274,3962.482,3477.9495,3489.221,3602.3386,3263.3462,3504.0513,3487.4272,3661.2,3556.3381,3435.4863,3344.9988,3093.8743,3413.4473,3345.0261,3326.8047,3343.145,3519.132,3659.7622,3233.443,3445.411,3333.3076,3565.7788,3923.6174,3990.1157,3982.8916,4025.1113,4063.9932,4005.065,3947.866,3869.7786,4014.3083,3822.7656,4053.123,4004.3472,4423.101,3910.331,4180.5205,3803.6116,4096.2046,4105.581,4114.953,4184.59,4132.14,3955.6733,4115.5967,4203.066,4135.53,4047.6653,4138.885,4077.2456,4253.29,4041.241,4239.1074,4463.785,4147.7476,4249.899,4163.2524,4104.1353,4061.2822,3828.6025,4309.0684,4274.014,4357.3477,4207.7476,4419.075,4181.6846,4228.4272,0.0,4277.1367,4418.607,4396.4307,4219.5464,4488.603,4610.9004,4491.4136,4428.112,4550.3525,4491.086,4391.0273,4494.0737,4604.242,4312.3477,4499.664,4574.0874,4675.8506,4686.866,4912.4883,4725.5786,4699.122,5229.3184,4616.4844
Robo1,3872.8643,3886.819,3647.9355,3913.1301,3655.7368,3810.166,3758.846,3780.1174,3687.0122,4156.2627,3374.232,3721.2754,3441.9465,3309.9106,3525.4097,3648.457,3942.4824,4099.6875,3467.6804,3395.2605,3426.5781,3456.4539,3108.3623,3365.821,3007.732,3605.296,4237.91,3621.289,3474.2002,3572.1484,3821.4143,3996.6948,3935.6255,3960.682,3888.8076,3971.6062,4146.386,3726.7383,3839.8782,3905.0251,4237.418,4051.0154,4032.8093,4087.555,3746.0464,4051.4927,3868.1401,3994.0247,4247.9995,4165.9834,4500.3047,4123.701,4229.266,3834.146,4247.039,4021.5483,4057.5757,4132.649,4120.1445,4355.1865,4181.781,4165.736,4607.294,4169.9023,4070.4275,4188.8335,4340.5396,4415.963,4224.0186,4164.8,4059.1057,4332.6147,4247.557,4084.0312,4413.2,4143.359,4277.1367,0.0,4174.288,4274.0273,4260.647,4365.5054,4514.406,4255.318,4342.611,4339.3726,4577.371,4289.5234,4713.4473,4684.1865,4313.559,4837.9663,4929.1226,4977.0493,4992.2285,4790.3984,4783.7715,4955.0444,5209.472,4879.308
Slitrk6,3862.4988,4056.8457,3482.135,4011.7932,4181.1704,3563.4688,3602.6301,3453.0286,3596.0461,3351.237,3366.04,3713.5735,3264.7002,3198.9087,3195.7922,3187.357,3724.0361,3361.1724,3095.4963,3031.3608,2925.828,2941.2588,3148.535,3032.8733,3479.21,2983.1704,3234.7944,3276.4863,2783.359,2814.3545,2832.1973,3998.6204,3917.713,3907.4014,3829.2324,3983.2966,4163.8193,3755.7393,3933.9045,4006.173,4321.37,3967.6628,3969.365,4181.699,3865.9937,4045.4211,3765.9995,4299.0566,4193.4824,4476.396,4193.742,4200.55,4187.2617,4035.5532,3940.7817,3971.4854,4008.2505,3941.5176,3999.7998,3725.781,3801.3406,3937.1223,4129.033,4081.1006,4098.4575,4177.355,3995.7969,4156.87,4433.256,4124.1997,4347.688,4013.4924,4289.442,4190.085,4186.717,4376.9937,4418.607,4174.288,0.0,4466.7563,4337.271,4402.5293,4456.541,4440.0566,4544.281,4114.3076,4409.463,4669.459,4399.9546,4639.5034,4918.664,4853.398,4853.0854,5193.075,4652.107,4998.187,4678.4043,4715.706,5374.3696,5010.5156
Col5a1,3943.8865,3916.2979,3788.307,3710.948,3816.1938,3871.5059,3653.0566,3665.5562,3831.2524,3859.4263,3271.806,3749.7598,3864.9243,3264.8782,3529.2573,3583.7944,3500.9307,3833.3596,3438.4907,3375.94,3817.942,3414.7085,3656.0242,3386.566,3325.373,3471.952,3970.031,3337.4033,3267.2585,3629.2834,3152.5615,4079.1309,3967.9731,4004.1082,4095.3674,3964.1765,4290.9473,3991.9526,4133.6953,4123.8735,4180.1704,4021.0532,4072.6416,4289.975,3982.704,3861.3086,3876.619,4048.7144,4105.4194,4040.1553,4049.4412,4145.497,3990.2065,3989.238,4146.4316,4218.908,4096.842,4207.823,4207.229,4131.4346,4004.5376,4240.254,4555.774,4216.1743,4318.9263,4504.852,4348.8755,4196.715,4378.165,4314.6963,4256.3945,4287.6084,4341.58,4156.716,4243.038,4253.3564,4396.4307,4274.0273,4466.7563,0.0,4492.4673,4269.1445,4621.381,4580.866,4377.6865,4616.246,4407.5977,4896.179,4691.495,4721.879,4645.6895,4566.421,4752.354,4983.44,4734.1265,4714.254,4768.6626,4805.823,5049.185,5114.6787
Dab2,3893.8647,3710.7913,3652.6118,3454.9922,3633.0247,3773.004,3696.587,3779.0469,3784.95,3968.3782,3385.085,3594.8074,3633.3538,3491.215,3621.3567,3662.273,3663.4531,3881.9766,3539.3833,3522.8489,3731.7942,3713.5098,3155.302,3591.7217,3322.468,3581.277,3589.4673,3585.6296,3470.014,3726.8096,3418.2222,4077.266,4042.0774,4025.7131,3812.5576,4263.0405,4286.8696,4041.9497,3956.0173,3901.5483,4280.9116,4049.9229,4073.0784,4591.0894,4161.1064,3847.0693,3881.261,3929.4363,4001.5168,4202.856,3943.905,4035.6511,3810.111,3924.7302,4139.6123,4070.4214,4052.752,4160.594,4311.253,3770.7698,4246.0913,4156.092,4029.984,4134.983,4281.8096,4222.664,4279.7534,3901.0935,4381.366,4373.445,4206.0933,4400.9595,4358.5728,4379.3164,4538.657,4481.0356,4219.5464,4260.647,4337.271,4492.4673,0.0,4248.319,4394.42,4477.866,4447.8877,4229.4175,4437.9014,5037.528,4814.903,4798.803,4718.891,4604.9077,4986.231,4714.692,4670.389,5166.2334,4759.465,4989.803,5116.4326,5140.5625
Cdh11,3858.47,4005.832,3701.4917,3722.0527,3673.6055,3852.1543,3765.967,3738.2883,3682.962,4030.7693,3413.4932,3660.2944,3650.0598,3552.735,3404.2224,3499.441,3605.5957,3696.5283,3340.6736,3301.9492,3568.3232,3530.809,3534.503,3248.0159,3286.2214,3351.8926,3849.98,3382.597,3386.0322,3349.2036,3593.2388,4166.6274,3965.2627,4014.2903,3968.511,3972.0293,4222.089,3928.2212,3993.2275,3977.767,4042.009,3975.8271,4081.3684,4322.141,3719.8103,4457.1816,3803.2195,4090.2498,4009.847,4272.3745,4112.1494,4162.0093,4042.5957,4032.4438,4183.4917,4090.2917,4140.5044,4098.862,4291.8086,4334.4717,4019.9182,3944.6895,4532.347,4128.28,4239.0044,4189.5283,4282.482,4318.878,4046.8242,4409.525,4291.6807,4234.6455,4229.0273,4393.107,4347.886,4341.3745,4488.603,4365.5054,4402.5293,4269.1445,4248.319,0.0,4300.031,4515.099,4310.799,4717.8267,4739.0527,4550.563,4620.3467,4753.3867,4798.269,4777.1333,4702.373,4953.22,4873.274,4810.34,4828.9517,4725.3965,5470.1367,5146.2544
Hic1,3971.7114,3895.057,3793.5361,3870.9807,3808.6765,3733.4922,3461.7493,3576.6816,3469.0435,3611.9446,3530.1567,3631.7122,3970.8843,3751.6782,3299.6687,3361.1848,3384.7876,3591.3574,3225.1375,3122.2004,3548.1958,3280.962,3060.4927,3113.2852,3211.4844,3230.9294,3115.9453,3093.748,3080.1953,2924.2744,3083.8413,3956.676,3983.5317,3996.2485,4171.5093,4302.1577,4238.2544,4099.567,4179.9824,3977.0454,4250.007,3958.9783,4087.5413,4222.6724,4110.9375,3935.6218,3913.2927,4075.6404,4068.6584,4134.6987,4370.1636,4224.6274,4189.038,4046.171,4224.0923,3983.9531,4192.436,4228.367,4121.5234,3983.1658,4014.1213,4497.0464,4872.0093,4274.115,4410.984,4142.675,4325.1475,4465.4937,4244.054,4190.6787,4233.0415,4629.8857,4441.1235,4418.5415,4508.1377,4274.5605,4610.9004,4514.406,4456.541,4621.381,4394.42,4300.031,0.0,4532.6675,4498.703,4358.93,4439.148,4575.348,4739.4004,4826.546,4833.454,4663.3335,5098.9077,5076.2935,4890.5815,4818.1104,4719.007,4750.0903,5441.508,5156.9863
Lrp1,3852.0867,3846.041,3720.107,3515.6943,3664.6384,3732.4585,3622.3862,3588.772,3549.8142,3966.4358,3173.0754,3537.5256,3582.9846,3303.9844,3331.9019,3396.9702,3421.9883,3724.3728,3221.7046,3136.4712,3376.4136,3396.789,3227.4482,3162.4033,3053.1306,3250.1052,3709.6484,3049.7595,3195.074,3180.632,3377.55,3900.646,3863.0942,4020.085,4063.4817,3965.0027,4211.894,3791.5955,3957.846,4006.6194,3954.3538,3975.5195,4088.4219,4275.543,3908.404,4305.4575,3940.1694,4012.5317,4169.0537,4103.9175,4229.4307,4139.8896,4107.4336,4068.4622,4075.9094,4177.9917,4160.432,4136.0996,4357.2695,4518.4688,4150.173,4334.0767,4292.613,4119.5728,4193.2065,4261.818,4254.2954,4669.3833,4416.133,4253.0283,4359.0083,4398.749,4261.92,4317.9907,4204.784,4333.412,4491.4136,4255.318,4440.0566,4580.866,4477.866,4515.099,4532.6675,0.0,4366.706,4729.5933,4616.734,4716.9844,4709.88,4796.325,4824.7104,4670.961,4796.1064,5131.307,4855.309,5002.109,4797.431,4760.497,5365.9473,5018.9404
H2afy2,3892.895,3939.5393,3587.7085,4137.7104,3674.5051,3886.1348,3638.1025,3607.6797,3584.896,3769.4324,3517.144,3446.3203,3292.6091,3235.924,3309.1978,3352.5293,3694.5815,3551.295,3184.2104,3136.033,3458.9292,3337.1838,3049.069,3074.9312,3511.7795,3232.0757,3636.4705,3217.7744,3188.9727,3476.758,3169.1494,4150.66,4044.7988,3978.3025,3916.4417,4150.041,4207.809,3791.5247,3962.6638,3965.4148,4046.2424,3887.4194,4026.8943,4319.6797,3875.533,4093.5872,3929.3447,4117.2407,4248.9307,4274.306,4435.3267,4304.6763,4256.8164,3993.4893,4025.7441,3986.2058,4064.9844,4174.4136,4258.3003,4056.4895,4213.5254,4189.3613,4236.2866,4213.1006,4105.952,4112.296,4490.963,4420.167,4185.739,4262.522,4189.743,4323.8813,4234.55,4246.333,4595.823,4433.2993,4428.112,4342.611,4544.281,4377.6865,4447.8877,4310.799,4498.703,4366.706,0.0,4624.2476,4499.1997,4667.433,4541.1143,4802.283,4517.727,5056.6255,4905.1323,4505.9604,4917.5273,5057.283,4850.8467,5083.1304,5766.3247,5193.473
Efemp1,4016.2585,3900.5361,3800.8164,3621.1565,3520.0347,3592.4592,3475.0354,3488.7134,3529.2253,3689.025,2872.1736,3517.7656,4054.0254,3364.0137,3187.4866,3249.8472,3237.5276,3317.815,3145.8586,3120.0933,2768.5334,2991.173,3063.6401,3040.656,3111.2031,3048.294,2910.8098,2705.8289,2810.8755,2689.1306,2916.3113,4057.3086,3976.561,4000.7234,4212.057,4455.3975,4217.174,3996.116,4072.2766,4236.605,4030.7952,4040.0908,4075.8953,4271.943,3864.512,4267.3467,3759.411,4190.4976,4267.955,4449.225,4685.066,3905.1536,4028.8865,4034.3022,4216.2285,4296.737,4178.086,4017.4307,4133.6743,4188.5767,4047.1147,3913.959,4180.0234,4180.5435,4331.893,4093.5142,4297.72,4522.944,4495.4106,4278.9653,4307.8486,4778.8755,4570.8447,4683.9385,4396.9414,4665.8374,4550.3525,4339.3726,4114.3076,4616.246,4229.4175,4717.8267,4358.93,4729.5933,4624.2476,0.0,5033.102,4777.846,5093.6123,4993.1016,4797.59,4923.0312,5095.686,5096.443,5213.171,4857.324,4838.9033,4706.1787,5669.52,4954.576
Sema3a,3914.7415,3782.8357,3653.9092,4145.674,3472.092,3656.4617,3880.612,3799.4797,3661.2214,4294.6245,3195.25,3837.495,3244.013,3773.9294,3442.3147,3524.1,3692.3596,3758.408,3305.9302,3281.1863,3213.1895,3382.449,3337.5688,3219.3237,3210.4006,3392.1577,3952.6475,3203.5234,3316.279,3416.5283,4205.295,4209.573,3949.0437,4013.9136,3860.7837,3612.588,4203.353,3574.3845,4007.0435,3636.0251,3984.4438,4125.532,4114.3853,4381.3647,3713.1125,4574.499,3955.5376,4196.8384,4157.7783,4234.543,4225.0923,4224.7915,3938.8608,4157.299,4134.475,3898.9988,4147.64,4280.3467,4554.9346,5022.163,4452.886,4363.578,4634.6904,4343.064,4217.2812,4281.1123,4482.279,3774.8804,4387.58,4343.964,4379.185,4625.599,4311.5293,4192.9927,4349.2993,4492.159,4491.086,4577.371,4409.463,4407.5977,4437.9014,4739.0527,4439.148,4616.734,4499.1997,5033.102,0.0,4830.6353,5173.413,4949.344,4543.7163,5421.075,5230.551,5275.432,5433.952,5209.243,5318.667,5235.5986,5870.408,5552.2573
Arap1,3893.968,3837.992,3662.938,3672.4587,3167.376,3731.903,3636.5776,3465.4978,3381.291,3737.4573,3300.6912,3592.873,3419.3843,2772.3813,3154.9045,3233.8628,3258.489,3507.3677,2946.7156,2908.3486,3096.0688,3292.444,2825.1436,2905.2449,2567.333,3061.2778,3581.9844,2615.1077,2905.5315,2826.5374,2735.0837,4000.1074,3906.5996,4051.6448,4084.3203,3907.3452,4540.4126,3828.2632,4334.426,4142.1616,4074.4514,4043.6,4134.118,4365.45,3712.637,4246.253,3923.6606,3973.1724,4223.664,4396.4756,4323.0874,4304.1626,4134.954,4164.3853,4613.3394,4202.0195,4223.329,4286.383,4267.6235,3747.5706,4038.428,3992.5764,4354.6367,4213.84,4292.813,4426.311,4359.7603,4324.422,4686.429,4494.8228,4560.7095,4262.497,4499.341,4397.7793,4366.8325,4255.3877,4391.0273,4289.5234,4669.459,4896.179,5037.528,4550.563,4575.348,4716.9844,4667.433,4777.846,4830.6353,0.0,5185.4097,5018.988,5334.4023,4986.6562,5142.1177,5201.1797,5167.1104,5543.4453,5051.722,5240.387,5964.6904,5818.8066
Tcf21,3968.1145,3812.469,3558.1675,3707.768,3642.2656,3639.0872,3573.3215,3625.3284,3549.1697,3656.726,3261.9639,3580.1135,3467.5398,3227.5896,3137.2026,3179.0862,3419.5732,3489.5068,2912.863,2846.0437,3317.3206,2831.183,2775.0125,2886.6826,2743.5088,2966.892,3363.0923,2607.599,2674.6873,2885.7708,2844.3977,4158.2456,4094.0293,4073.595,4018.711,4021.2468,4483.5737,3754.8394,3867.1997,3905.5713,4113.664,4164.9307,4167.5957,4443.1396,4014.7754,4011.7417,3969.1123,4248.7124,4350.7607,4345.69,4946.0474,4275.8057,4280.465,4147.4116,4482.6294,3916.905,4217.838,4464.0854,4313.496,4394.8926,4584.918,4435.6035,4852.722,4260.672,4489.9927,4195.0293,4583.715,4565.8677,4315.969,4437.2983,4390.8247,4367.381,4436.6313,4706.296,4673.7114,4614.0684,4494.0737,4713.4473,4399.9546,4691.495,4814.903,4620.3467,4739.4004,4709.88,4541.1143,5093.6123,5173.413,5185.4097,0.0,5155.1196,5167.537,5066.0,5310.366,5559.662,5439.8223,5524.791,5287.6025,5228.385,6115.3003,5911.6934
Dcn,3825.8333,3815.8582,3472.9924,3691.4363,3410.4817,3509.2812,3420.5774,3388.746,3388.0972,3678.5852,2909.8774,3239.1033,3403.6252,2791.2026,3048.5044,3120.8982,3329.294,3478.712,2883.366,2766.2822,2927.6611,2749.946,2551.2324,2732.7573,2304.7595,2882.2747,3479.527,2658.2197,2689.9253,2778.5798,2947.6116,4045.4116,3878.7979,4106.39,3982.7817,3966.6594,4261.439,3975.5508,3777.582,3917.838,3941.7979,3977.5818,4245.7563,4383.623,3836.39,4046.9846,3758.871,4139.3823,4120.8984,4364.5127,4550.257,4263.924,4053.1555,4046.579,4462.2065,3999.3352,4327.688,4326.9746,4292.2124,4211.076,4114.072,4201.1055,4479.8506,4366.577,4533.884,4347.267,4409.14,4313.047,4318.124,4502.728,4388.2266,4532.576,4617.9307,4495.1377,4450.02,4740.134,4604.242,4684.1865,4639.5034,4721.879,4798.803,4753.3867,4826.546,4796.325,4802.283,4993.1016,4949.344,5018.988,5155.1196,0.0,5180.3965,5243.58,5419.8164,5573.262,5474.65,5579.1914,5310.666,5298.0015,6378.2974,5929.8394
Igf1,3805.2083,3680.5972,3559.589,3214.453,3336.601,3642.3604,3430.6497,3416.2336,3580.751,3380.7056,2955.7878,3061.7307,3411.734,2539.7307,2896.074,2941.879,2974.9333,3208.5635,2686.564,2544.7522,3160.541,2692.5488,2636.0107,2615.473,1855.9987,2659.0808,2870.9163,2282.689,2398.752,2078.2056,2155.0247,4117.5664,3835.3025,4129.6816,3975.8127,4046.3757,4327.8164,3791.4304,4613.0635,3915.5715,4073.3154,3898.93,4199.47,4440.363,3950.4614,4012.8508,3351.6443,3929.1099,4022.9475,4139.9375,4275.502,4069.668,4092.9573,4148.7935,4304.3315,4187.4263,4327.2876,4566.002,4412.744,3672.5723,4378.991,3860.7383,4745.061,4234.7915,4075.5974,4337.3496,4148.504,4523.75,4196.7905,4712.8467,4641.0205,4445.33,4468.73,4538.74,4331.494,4724.038,4312.3477,4313.559,4918.664,4645.6895,4718.891,4798.269,4833.454,4824.7104,4517.727,4797.59,4543.7163,5334.4023,5167.537,5180.3965,0.0,5267.13,5243.181,5215.509,5379.459,5798.1196,5524.308,5766.9517,6793.1685,6124.866
Ptch1,3954.911,3802.592,3412.7478,4036.746,3430.2437,3720.4148,3618.2397,3547.0425,3577.964,4111.9595,3053.6226,3499.264,3308.5579,2899.2585,2997.5,3245.6335,3624.7456,3509.4565,2969.925,2835.8801,2897.8037,2927.4744,2646.6538,2833.0793,2473.5786,3006.6196,3943.244,2730.6252,2942.6953,3237.8955,3678.7913,4044.1404,3928.4731,4038.2812,3951.235,3780.579,4284.849,3400.8079,3696.4856,3567.8647,4005.1418,4048.3616,4167.6963,4698.354,3773.9114,4694.589,3933.8772,4108.199,4212.4067,4348.3467,4255.2266,4284.934,4081.009,4148.457,4348.6797,4254.032,4255.2515,4253.038,4681.8535,4683.5586,4113.789,4137.4146,4598.1626,4397.189,4296.4526,4161.0703,4567.49,4229.687,4486.4067,4587.2793,4330.9644,4493.466,4343.71,4458.567,4712.254,4623.33,4499.664,4837.9663,4853.398,4566.421,4604.9077,4777.1333,4663.3335,4670.961,5056.6255,4923.0312,5421.075,4986.6562,5066.0,5243.58,5267.13,0.0,5363.936,5223.3735,5584.056,5651.823,5447.088,5551.882,6847.5254,6263.3164
Igfbp7,3779.2478,4070.3813,3423.0183,3658.8252,3707.3533,3542.2812,3386.9675,3500.3052,3456.794,3621.3152,2760.9507,3285.9976,3250.0125,2874.1428,2961.646,3092.0383,3512.193,3399.1028,2849.488,2634.8142,3047.763,2488.443,2619.982,2613.603,2162.4998,2829.4797,3864.5603,2669.299,2547.183,2626.1511,2871.583,4141.516,3869.696,4109.3906,4095.9543,4154.844,4453.371,3912.7642,3810.208,3801.0876,4509.461,4133.3843,4231.433,4173.8623,3787.6294,4161.6543,3846.176,4257.414,4293.0664,4575.294,4435.843,4279.65,3893.8584,4176.7695,4405.3345,4230.3354,4376.8115,4314.5054,4474.3574,4292.4873,4253.024,4286.583,4529.6055,4611.5586,4486.125,4289.9062,4462.6655,4645.208,5054.36,4570.555,4673.1616,4899.127,4827.175,4547.2847,4411.86,4731.987,4574.0874,4929.1226,4853.0854,4752.354,4986.231,4702.373,5098.9077,4796.1064,4905.1323,5095.686,5230.551,5142.1177,5310.366,5419.8164,5243.181,5363.936,0.0,5562.293,5571.6333,5579.8486,5395.0425,5704.477,6800.5693,6219.919
Col6a5,4046.1692,3959.3018,3536.337,3805.0337,3740.078,3587.503,3516.174,3320.9001,3309.29,3656.361,2674.1787,3210.1846,3464.4407,2516.9685,2943.1602,3071.816,3177.3298,3526.6924,2753.6763,2551.6743,2531.4802,2349.0789,2337.3494,2630.8381,2308.5876,2555.4368,3261.148,2281.4067,2844.6768,2920.9744,3092.8047,4207.9995,3969.5547,4135.2104,4084.3782,3787.6953,4274.9775,3918.331,3842.8184,3863.2012,4144.2305,4169.457,4277.796,4469.8647,4349.106,4172.2227,3495.578,3967.3777,4158.0205,4301.2837,4910.17,4513.0503,4037.5051,4232.541,4656.988,4337.695,4367.156,4198.6274,4445.625,3683.9932,4118.7354,4650.344,4618.046,4455.633,4660.5874,4449.9043,4759.591,4198.4736,4655.7886,4477.1895,4848.8315,4401.5723,4754.5273,4813.852,4740.195,4942.725,4675.8506,4977.0493,5193.075,4983.44,4714.692,4953.22,5076.2935,5131.307,4505.9604,5096.443,5275.432,5201.1797,5559.662,5573.262,5215.509,5223.3735,5562.293,0.0,5764.9087,5827.6143,5702.95,5379.7437,6778.163,6381.1226
Thbs4,3773.4575,3683.9158,3541.9543,3781.4229,3527.3706,3602.9224,3485.5747,3449.385,3317.4932,3684.3743,2850.9263,3098.8547,3227.8325,2921.3845,2967.7874,3078.1462,3143.0112,3392.408,2836.9038,2683.397,3025.8657,2723.8943,2570.7788,2652.0654,2242.2856,2777.3071,3498.5068,2450.8274,2560.4807,2656.5269,3279.2568,4093.674,3886.6602,4098.1665,4133.2417,4048.5193,4586.604,3619.602,3919.2292,3610.551,4108.494,4050.3528,4234.704,4460.871,3900.8074,4335.8564,3806.7925,4232.795,4319.5864,4334.278,4526.619,4426.395,3985.7935,3863.7246,4456.405,3840.5327,4289.2725,4355.3096,4451.609,4330.2905,4087.4275,4373.467,4400.2783,4386.744,4496.646,4371.005,4521.4844,4471.384,4404.402,4469.9053,4586.465,4492.0186,4670.125,4575.311,4469.8994,4604.4204,4686.866,4992.2285,4652.107,4734.1265,4670.389,4873.274,4890.5815,4855.309,4917.5273,5213.171,5433.952,5167.1104,5439.8223,5474.65,5379.459,5584.056,5571.6333,5764.9087,0.0,6046.3496,5547.7124,5680.347,6784.0405,6128.7866
Lox,3757.7869,3806.9072,3466.3718,3456.8245,3359.365,3485.5708,3407.8015,3313.803,3257.733,3554.606,2669.9326,2934.245,2937.9287,2594.3438,2835.1707,2916.1555,3140.317,3076.32,2543.6294,2362.937,2841.6248,2430.9692,2446.4668,2410.6875,2049.4436,2598.5957,3011.785,2295.6482,2381.6973,2644.0137,2449.8064,3987.253,4057.309,4176.13,4162.3755,3790.9548,4684.912,3986.123,3922.268,3839.7695,4239.6875,3915.9426,4304.213,4422.887,3791.4207,4312.8364,3774.979,4047.0322,4278.3506,4261.251,4267.4565,4094.804,4024.412,4171.407,4440.1123,4178.265,4430.921,4460.297,4379.6626,3998.3523,4198.4395,4218.5645,4552.9863,4442.084,4356.243,4211.98,4480.7734,4572.145,4212.683,4545.7666,4520.1606,4478.144,4544.4277,4817.3467,4779.0435,4853.3726,4912.4883,4790.3984,4998.187,4714.254,5166.2334,4810.34,4818.1104,5002.109,5057.283,4857.324,5209.243,5543.4453,5524.791,5579.1914,5798.1196,5651.823,5579.8486,5827.6143,6046.3496,0.0,5848.962,5767.799,6943.985,6240.589
Pkdcc,3900.6382,3925.9604,3535.8433,3636.025,3476.9626,3553.0493,3535.8428,3409.631,3304.2957,3873.2212,3115.709,3333.2092,3060.5735,2796.6606,3000.8083,2957.384,3031.2917,3524.0996,2837.206,2656.8438,3326.9487,2448.091,2762.0288,2653.3342,2409.5261,2748.9597,3258.2107,2605.9165,2541.6992,3080.5776,2872.527,4222.6074,3914.5908,4092.0813,4038.7017,3758.572,4420.332,3495.8892,3568.8083,3921.8398,3955.787,3994.293,4208.8945,4712.458,3750.1743,4403.238,3745.2842,4234.8926,4264.078,4137.3228,4557.926,4398.4233,4057.9124,3990.7522,4528.9043,4433.787,4297.4526,4303.924,4480.4434,4145.2964,4295.2554,4366.494,4561.2173,4334.502,4227.8237,4264.6772,4437.9316,4325.418,4161.1113,4473.518,4236.6694,4481.662,4420.203,4619.183,4601.6914,4776.613,4725.5786,4783.7715,4678.4043,4768.6626,4759.465,4828.9517,4719.007,4797.431,4850.8467,4838.9033,5318.667,5051.722,5287.6025,5310.666,5524.308,5447.088,5395.0425,5702.95,5547.7124,5848.962,0.0,5940.537,6862.39,6423.694
Nr2f2,3694.1785,3809.4502,3437.9783,3467.4668,3441.2822,3628.1597,3468.2258,3262.6514,3467.2761,3721.594,2889.662,3234.5305,2884.123,2427.843,2877.5457,3038.619,3487.1045,3412.0645,2685.3137,2677.8086,2767.1604,2627.7217,2259.585,2625.0603,2595.389,2649.4326,3120.6877,2413.6523,2506.995,2663.243,2485.2656,4393.938,3951.9263,4060.0085,4184.595,4034.2854,4439.4863,3661.9124,3713.0432,3735.0273,4118.7793,4198.944,4176.9087,4512.624,3929.0107,4288.758,3437.5122,4202.8223,4281.105,4370.3066,4258.4053,4411.285,3949.0405,4071.5508,4575.1436,4178.4663,4293.565,4230.701,4224.847,4369.3843,4166.022,4249.725,4440.4565,4342.9893,4424.171,4525.1367,4155.5156,4577.6157,4561.435,4454.9663,4752.5786,4372.3916,4610.428,4620.9536,4446.311,4578.072,4699.122,4955.0444,4715.706,4805.823,4989.803,4725.3965,4750.0903,4760.497,5083.1304,4706.1787,5235.5986,5240.387,5228.385,5298.0015,5766.9517,5551.882,5704.477,5379.7437,5680.347,5767.799,5940.537,0.0,7027.6016,6366.616
Penk,3715.8142,3761.8376,3016.2097,3617.6174,2737.4077,3382.921,3159.0972,2911.6675,2926.243,3538.534,2077.3542,2407.8796,2110.259,1627.5322,2011.4221,2196.8538,2797.5752,2687.4387,1666.4092,1539.3479,2204.5894,1593.2332,1491.1302,1549.419,1192.434,1751.7095,2788.8296,1183.612,1351.325,1509.9421,1963.6315,4168.7007,3848.1565,4241.2227,4037.8965,3472.5051,4429.609,3170.9963,3556.6958,3469.6826,4106.704,4056.011,4415.0513,4981.8804,3807.0542,4271.7866,3496.415,4303.7256,4360.154,4825.186,4894.1104,4568.8896,4108.898,4119.7095,4491.0625,3944.6917,4532.4893,4729.9146,4824.921,4710.5312,4178.76,4156.6533,5095.155,4659.252,4488.8076,4419.8203,4685.812,4784.4463,4515.2734,4914.6104,4759.273,4731.031,4982.644,5172.891,4468.4346,5076.5566,5229.3184,5209.472,5374.3696,5049.185,5116.4326,5470.1367,5441.508,5365.9473,5766.3247,5669.52,5870.408,5964.6904,6115.3003,6378.2974,6793.1685,6847.5254,6800.5693,6778.163,6784.0405,6943.985,6862.39,7027.6016,0.0,7825.1396
Snai2,3877.098,3910.4624,3184.6306,3542.2908,3150.3647,3609.1948,3267.7046,3158.8972,3270.7937,3576.8997,2843.9744,3270.7434,2793.5686,2481.199,2538.4338,2780.2876,2812.5264,3278.898,2376.0557,2197.2642,2323.7231,1980.4332,2160.8938,2037.5839,1846.2521,2312.653,3295.044,1880.026,2095.7563,2245.1655,2984.7937,4006.2202,3888.8533,4148.6396,4074.4626,3976.1768,4549.799,3380.4836,3851.8433,3625.6663,4218.236,3913.2698,4317.8184,4618.1562,3846.85,4535.026,3919.7983,4424.631,4313.8945,4308.6865,4633.4727,4520.0493,4231.534,4296.405,4764.352,4263.4985,4418.861,4338.233,4636.484,4422.412,3883.3591,3951.7866,4264.771,4509.273,4719.9116,4454.17,4556.813,4913.285,4683.1743,4611.398,4529.4688,4264.4663,4904.9316,4662.653,4646.396,4814.96,4616.4844,4879.308,5010.5156,5114.6787,5140.5625,5146.2544,5156.9863,5018.9404,5193.473,4954.576,5552.2573,5818.8066,5911.6934,5929.8394,6124.866,6263.3164,6219.919,6381.1226,6128.7866,6240.589,6423.694,6366.616,7825.1396,0.0
